Origin,January.FlightCount,January.DepDly,January.ArrDly,February.FlightCount,February.DepDly,February.ArrDly,March.FlightCount,March.DepDly,March.ArrDly,April.FlightCount,April.DepDly,April.ArrDly,May.FlightCount,May.DepDly,May.ArrDly,June.FlightCount,June.DepDly,June.ArrDly,July.FlightCount,July.DepDly,July.ArrDly,August.FlightCount,August.DepDly,August.ArrDly,September.FlightCount,September.DepDly,September.ArrDly,October.FlightCount,October.DepDly,October.ArrDly,November.FlightCount,November.DepDly,November.ArrDly,December.FlightCount,December.DepDly,December.ArrDly
ABE,180,2218,2020,163,3088,3141,166,1471,1588,168,765,867,226,1541,1347,244,3108,3220,239,5775,6193,235,4156,4134,168,1525,1458,202,2649,2423,196,3399,3059,182,1867,2161
ABQ,1443,13172,13338,1340,8021,7770,1489,13814,13609,1548,16323,16184,1692,17195,15910,1648,28333,28011,1658,26640,25660,1625,18304,18753,1612,11992,12286,1704,13158,14488,1605,11738,11708,1648,26086,24957
ABR,62,834,1161,58,359,566,62,1538,1718,60,1011,1162,62,11,22,60,125,138,62,545,529,62,196,155,60,279,248,69,184,144,65,630,713,61,1490,1442
ABY,79,719,758,78,1323,1261,89,760,757,85,827,817,86,1456,1479,86,989,967,86,981,956,89,892,921,84,885,898,88,1170,1097,79,837,778,73,898,876
ACT,145,771,790,139,749,757,149,2217,2148,145,2206,2163,121,1114,1099,71,605,676,112,1384,1568,119,2070,2059,106,1344,1505,110,601,826,102,2240,2298,100,2198,2434
ACV,125,2055,2290,116,2614,2666,95,2241,2191,116,2110,2162,124,2786,2697,120,1038,875,121,1653,1631,126,2149,1946,120,1429,1385,126,2483,2427,119,1765,1729,109,1308,1403
ACY,310,3787,5683,290,5591,6786,310,9213,9727,317,3383,3390,341,4704,4741,330,4226,3800,341,6641,6259,341,7458,6871,260,2458,2370,248,2476,2551,282,2098,2019,323,3962,3947
ADK,9,102,129,8,26,41,9,97,91,8,4,4,9,4,2,9,92,88,9,42,25,8,115,138,9,3,8,9,88,69,8,69,89,9,159,133
ADQ,43,102,123,39,80,90,31,220,223,31,108,148,51,584,661,56,126,160,56,217,233,58,168,251,56,244,300,57,389,435,34,98,125,30,225,310
AEX,208,2035,2144,207,3942,3861,219,2285,2355,216,1456,1536,236,1936,2083,262,3146,3487,236,4261,4438,262,4898,5069,242,2921,2845,250,1835,1796,262,3637,3792,260,4369,4764
AGS,196,2670,2464,173,2606,2427,235,2309,2092,239,1511,1441,233,2152,2313,227,3442,3318,227,5369,4900,230,5240,4936,240,4101,3842,228,2595,2188,208,1787,1467,205,2636,2692
ALB,758,6826,6564,676,5041,4133,835,7155,6772,790,6042,6081,888,6483,6572,813,8761,8975,795,16193,15595,759,10089,9372,740,5048,5092,778,3462,3331,774,6324,4547,772,7793,8392
AMA,246,1785,2075,224,956,1001,255,1885,2035,225,1781,1964,259,2797,2670,252,3836,3893,263,2450,2471,271,1751,2004,257,1006,1181,308,883,1016,266,996,1121,249,1865,1876
ANC,1232,3914,6335,1125,4397,5377,1227,5465,7401,1162,4048,6056,1466,6918,7542,1959,9782,11248,2112,14623,14129,2012,19470,18134,1395,6155,6362,1196,3816,5639,1115,3471,5565,1253,10494,11924
APN,52,1858,1886,50,986,982,54,286,367,51,1498,1119,53,795,762,52,364,325,62,356,264,58,1499,1380,52,629,537,52,532,482,53,405,258,53,1461,1390
ASE,607,9076,10421,661,10100,9464,721,15314,16334,216,1643,1617,119,1210,1488,291,2344,2125,435,4426,4675,402,4691,4948,270,2451,2647,200,1086,1341,124,1305,1344,562,19241,19170
ATL,29870,274201,256115,28746,288136,253875,32894,289446,271680,32185,237813,218755,33387,281904,271685,33279,492635,471081,33941,639593,616884,34166,589100,536435,31503,227255,208477,32769,172143,147970,30965,191755,173395,31107,366784,339536
ATW,270,2577,3068,246,2135,2561,288,2552,2998,322,1536,1875,271,1274,1590,261,2439,2565,230,1307,1402,257,2328,2333,309,3459,3479,377,2849,3410,298,3446,3477,251,4387,4900
AUS,3581,26358,24633,3328,21804,20663,3952,42176,40680,3855,43676,40695,3882,51342,51099,3908,54789,53274,4131,66333,65419,4075,54682,56165,3842,31028,32211,4037,28299,30050,3842,35170,34197,4035,45601,43875
AVL,204,3797,3517,183,4267,4064,268,2318,2634,272,1886,1894,265,2338,2198,337,6607,6846,358,7156,6841,332,6771,7228,309,3210,3357,350,4034,3923,262,4008,4092,256,5423,5166
AVP,153,977,1067,124,1768,1763,121,923,1091,68,336,711,167,2123,2080,110,643,746,165,2477,2564,174,2301,2352,168,1337,1539,177,1300,1695,151,2200,2203,90,1874,2411
AZO,206,2087,3164,202,2523,3125,213,3807,4357,208,1041,1503,143,732,816,134,1482,1506,153,921,1022,171,2477,2694,137,1117,1069,198,2793,2766,175,2106,2147,138,2679,3410
BDL,1520,15745,13983,1434,19703,19120,1622,13953,14606,1708,14437,14709,1800,14383,15440,1768,17924,18215,1773,19886,20839,1691,20381,19366,1590,8936,8941,1729,10903,10519,1857,12290,8856,1907,25002,27948
BET,81,181,299,79,317,359,85,352,392,81,150,184,82,90,178,82,84,167,80,103,133,85,82,125,81,133,175,83,87,141,78,116,271,81,676,784
BFL,188,2300,2414,192,3611,3668,237,2640,2649,226,1535,1717,234,1917,1983,227,854,893,229,2618,2586,234,1803,1574,223,1989,1968,234,3962,3890,202,1775,2188,177,2405,2423
BGM,76,1379,1352,81,1692,1399,89,655,616,85,1708,1748,85,204,330,86,380,373,99,1138,1132,54,534,615,56,778,820,56,771,828,54,1526,1658,56,1727,2056
BHM,891,7286,6745,910,8993,8679,1081,12443,12954,1043,7855,7955,1086,12089,12033,1042,18696,17746,1050,18116,17261,1057,14303,14857,1025,9190,9523,1069,8762,8198,1017,6594,6187,1029,10378,10163
BIL,283,1663,1871,268,1320,1372,302,913,1223,249,900,999,247,1143,1254,298,1308,1318,337,2198,2136,320,1832,1809,243,1773,1914,288,551,808,277,946,1151,300,5950,7038
BIS,208,2979,3234,172,2234,2437,227,3134,3424,255,2105,2076,198,1454,1722,233,2720,2518,212,2944,2983,196,2079,2249,203,2246,2301,168,544,499,149,2782,3047,159,2827,2852
BJI,62,570,652,58,651,551,62,413,536,60,500,626,62,178,164,60,163,189,62,1297,1284,62,1019,982,60,344,351,62,459,523,59,627,687,61,1387,1666
BMI,91,1278,1502,77,938,1153,93,939,969,135,649,785,145,1316,1518,140,1649,1908,159,1727,2156,146,1248,1442,135,1990,2085,145,923,918,132,1551,1571,119,1348,1515
BNA,3898,34224,36008,3658,30033,30971,4207,37283,35887,4054,38386,37167,4272,48579,48491,4631,74466,71693,4623,90821,88235,4593,64407,63464,4423,37238,37724,4598,35163,34705,4350,36343,35337,4508,56945,61170
BOI,1172,13191,14685,1139,12678,12952,1166,12511,13778,1100,10146,10198,1181,9622,10147,1290,11832,12283,1344,14596,14481,1334,14423,14142,1230,7619,7518,1272,11634,11482,1196,8328,8778,1389,26600,30701
BOS,9088,92661,88882,8796,149598,146117,9927,96583,96713,9893,109267,111104,10653,90452,89727,10866,127353,127775,11145,207967,207281,11218,164290,158094,10084,113451,108002,10473,103588,99994,9748,79861,62101,10186,133251,159518
BQK,86,843,940,81,1400,1315,89,607,590,85,498,561,86,345,467,86,1058,1092,91,1789,1855,92,1090,1276,83,1292,1165,88,1028,1106,81,1234,1198,84,1716,1781
BQN,172,2372,2333,118,1904,1875,115,951,837,111,988,974,170,1731,1522,186,2633,2202,208,4003,3477,201,4212,3810,139,2173,1911,146,1100,968,144,1362,1241,162,3134,3164
BRD,52,2035,2304,50,461,462,54,126,241,51,36,133,53,58,119,52,311,357,62,602,673,58,813,827,52,415,414,52,43,107,51,332,498,53,1087,1332
BRO,187,1152,1027,187,841,736,204,1545,1552,174,1517,1661,200,957,952,258,4458,4321,207,2630,2853,193,2745,2598,152,825,956,140,1346,1267,62,424,426,79,2743,2743
BRW,80,308,274,75,355,364,79,363,374,78,352,384,80,441,433,76,462,476,80,467,463,80,286,270,77,183,204,80,144,159,76,346,374,79,781,828
BTM,58,255,269,54,100,150,58,453,466,55,196,166,58,1443,1453,56,32,54,57,1129,1063,58,413,377,56,0,19,57,194,220,55,310,353,55,1534,1485
BTR,590,5819,6135,565,7084,7229,592,8520,9472,583,6059,7080,603,9298,9998,633,13307,13719,617,16219,16544,602,11403,11309,519,6807,6460,521,5618,5175,534,8846,8326,542,10992,10881
BTV,264,3140,3345,296,7882,7901,334,4367,5034,285,2367,2564,358,3023,3106,381,5416,4989,395,9074,8255,421,7757,7989,374,3487,4075,357,3569,3767,231,2109,1981,350,7009,8131
BUF,1307,15865,15196,1284,18477,18377,1621,17120,17010,1515,12218,12755,1596,11692,11506,1523,13638,12842,1611,24148,23367,1627,19931,19396,1548,11598,12084,1507,12485,12671,1452,10240,8884,1446,24864,26812
BUR,1783,15846,16167,1688,9495,9608,1833,18556,18943,1827,16176,16190,1887,15379,15342,1903,21640,21354,1919,25046,25609,1999,18587,19568,1882,12355,13327,1929,19416,20732,1874,15635,16224,2001,32483,32210
BWI,7181,56618,48742,6685,64883,60446,7839,74738,70486,7871,72247,67135,8347,79538,75344,8583,135835,135415,8851,188164,184065,8345,116214,110046,7833,58455,56227,8226,47750,44743,8132,53503,40158,8440,110627,111267
BZN,269,2263,2327,302,2241,2058,371,3452,3785,250,1663,1627,244,3649,3694,367,2404,2307,567,6248,6280,519,4745,4789,436,2430,2578,313,1811,2000,212,667,631,401,8547,9168
CAE,427,5807,5628,415,6514,6422,457,5474,5331,389,3519,3559,374,6121,6335,357,6850,7112,371,9047,8694,370,6233,6380,342,3645,3499,284,2134,2088,334,3197,3075,314,5149,5429
CAK,493,7117,6641,506,6540,6260,538,3940,3987,449,4219,4839,400,5489,5844,423,5060,4696,404,6207,5824,408,6401,6911,395,4375,4856,468,4619,4838,411,2973,2694,423,5796,6025
CDC,51,391,521,50,466,515,54,1213,1269,51,55,78,53,92,126,52,184,159,52,92,63,54,162,142,52,433,423,52,13,40,52,382,478,53,534,636
CDV,60,322,327,58,195,187,62,341,366,60,316,335,61,259,303,60,214,318,61,413,469,62,764,776,60,359,400,62,238,246,58,190,227,60,84,82
CHA,343,4983,4967,354,5415,5350,391,8655,8892,367,3519,3691,389,3532,3635,387,8107,7756,333,5627,5803,339,4660,4614,411,5317,5489,461,5735,5922,430,6788,7348,388,8172,8758
CHO,170,3084,2913,156,3456,3599,207,2492,2287,205,2260,2227,205,5522,5639,202,1862,2003,204,5479,5295,209,4937,5340,200,2369,2184,224,2619,2744,222,2973,2736,200,4743,5402
CHS,1015,9057,8528,938,9837,10139,1226,9674,9431,1345,12632,13116,1385,12742,11731,1348,22010,21743,1417,31791,31184,1343,20471,19607,1211,12555,12449,1268,9701,9808,1177,13211,12677,1016,14023,14074
CID,242,3430,3482,327,3520,3849,441,4710,4841,431,2576,2727,438,2980,3049,403,3023,3017,315,3743,4306,366,6561,6674,416,6504,6645,359,3077,3296,413,4712,4810,305,7488,8262
CIU,58,755,830,58,1174,1243,58,1177,1234,55,1103,1182,57,337,264,56,116,41,61,366,245,60,1532,1364,55,413,295,57,1293,1207,55,1671,1508,56,2441,2464
CLE,2680,27238,25871,2600,36322,36307,2812,29938,29798,2790,22584,22705,2899,25430,24529,3068,37907,35516,3102,57571,55758,3097,46461,46644,2902,31240,32266,2938,31733,31906,2624,28461,25590,2632,40814,44734
CLL,54,232,302,50,511,484,50,343,332,47,419,338,121,645,757,124,1658,1737,89,1144,1148,106,1449,1384,130,1016,1125,135,530,530,105,1051,1192,123,450,519
CLT,9213,81740,82354,8725,86772,93520,9346,68976,72439,9033,64186,70276,9524,111658,121659,9203,149468,162890,9381,174570,181212,9551,142948,148398,9183,90683,91651,9469,57545,57180,9068,47639,51117,11097,116571,131647
CMH,1774,14930,15168,1717,15951,18035,1979,15559,16746,1798,12014,12564,1929,16593,17647,2065,23314,23153,2095,32056,31766,2024,25517,26759,1911,12235,13504,1934,12293,12439,1932,13444,11477,2072,25417,29746
CMX,62,2082,2334,58,1321,1525,62,828,1012,60,329,478,62,1941,2034,66,953,972,62,1057,1131,62,963,917,60,465,519,62,625,697,59,2451,2408,61,1391,1566
COD,33,1921,2024,29,361,407,64,826,952,60,268,295,88,120,169,120,609,704,120,1316,1367,118,1748,1723,106,816,800,64,447,438,58,578,639,61,873,1005
COS,628,7659,8425,565,7355,7734,581,7329,8306,637,6946,8170,694,8359,8975,702,12875,12697,738,10068,10402,754,12848,13217,738,4970,5551,736,7353,7957,728,4229,4761,819,19597,19850
CPR,139,732,1004,84,872,964,101,1855,1860,117,850,984,162,1215,1368,153,1736,1813,135,908,941,133,1157,1198,111,121,139,156,466,487,92,36,60,92,1843,1967
CRP,248,882,887,234,272,470,254,1988,2067,294,2242,2437,263,2555,2555,230,2690,2485,257,2381,2238,246,2162,2311,220,1161,1287,231,450,534,259,2460,2638,233,2652,2476
CRW,196,2573,2731,181,2870,3101,205,1772,2155,222,2456,2745,236,2914,2934,236,5410,5576,231,6368,6103,228,4077,4280,213,3792,3604,219,2535,2533,202,2988,2612,183,1937,1932
CSG,81,1191,1285,94,1444,1431,120,642,688,115,627,590,117,823,839,107,1233,1440,107,1883,1901,113,1431,1344,99,814,783,109,1041,987,101,1110,1098,72,946,996
CVG,1253,12284,13517,1298,15918,17957,1426,16550,17906,1358,14852,14659,1471,15822,17377,1502,17661,18141,1351,21203,22281,1306,21135,22318,1093,11292,11030,1230,11578,11335,1125,6608,6714,1121,18960,21268
CWA,57,788,875,57,369,469,34,183,231,56,258,476,58,347,432,97,484,690,83,1238,1168,85,945,1053,58,533,583,88,787,874,76,1634,1642,57,620,936
DAB,147,2325,2166,159,2093,2082,182,2071,1765,180,1265,1234,179,1781,1740,179,2302,2108,184,2486,2344,169,4910,4750,145,651,711,150,1312,1135,145,1039,917,160,2046,2076
DAL,5795,48845,40534,5436,29995,26929,5932,65505,70524,5636,67931,72532,5767,74710,77603,5718,117784,117724,5816,114037,112956,5862,78208,82594,5656,49369,51308,5815,43861,46297,5712,54814,55153,5818,69044,63845
DAY,572,8116,8335,485,6836,6961,547,5590,5832,518,4380,4630,521,4046,4096,602,4961,5057,604,9596,9437,578,9025,10117,597,5610,5749,575,4017,4078,498,4399,4269,431,7385,7605
DCA,6447,53822,55644,6193,72835,78071,6753,58758,62121,6602,55062,59451,6841,64166,74447,6680,104314,122692,6743,129273,139849,6760,96271,107586,6395,55170,62889,6574,47076,53232,6019,42406,41585,6539,74689,89382
DEN,17519,153568,150078,16533,132701,125578,19088,228075,221796,18038,165318,163050,19060,232701,217166,19708,296933,285490,20919,342751,338767,20884,292739,291613,19268,167276,161553,19405,155255,155849,17589,139317,137019,18470,345975,320378
DFW,16565,147209,143146,15430,130746,133845,17044,254771,270277,16147,182532,195319,16544,223368,232610,16671,358404,357059,17291,378362,384570,17277,362236,374938,16089,160333,180680,16279,115487,122902,15224,137408,162057,20195,272233,281408
DHN,116,2365,2235,103,1947,1706,119,752,667,115,484,469,118,689,688,116,1747,1680,115,3795,3691,120,2101,1969,112,2353,2099,119,837,766,109,1287,1198,115,2897,2882
DLH,173,3120,3321,192,2162,2553,234,3461,3995,202,1320,1656,232,2253,2334,174,2728,2037,235,5392,5835,230,4434,4272,173,2601,2805,261,1957,2272,180,1086,1311,192,4663,5179
DRO,105,1476,1894,98,198,394,175,1677,2056,176,1720,2340,241,3253,4090,182,1764,1895,218,3976,4231,210,2519,2916,164,697,1052,142,1282,1706,137,1276,1467,114,1388,1605
DSM,656,6693,6667,636,7395,8672,671,5299,5567,633,5560,5318,682,9990,9481,614,7541,7442,773,11810,12035,711,7773,7862,600,3305,3481,637,2823,3555,612,5099,4515,637,16797,15686
DTW,9489,118262,120571,9201,118149,121868,10505,118090,127514,10447,86922,83941,11138,94283,90359,10802,111739,106484,10371,149391,149736,10680,179590,175017,10211,69509,69854,11223,79159,78617,10196,99712,91981,9956,194605,228298
DVL,48,560,619,46,1239,1196,49,260,366,47,396,344,48,345,297,48,1187,1089,53,167,157,53,925,897,52,48,108,53,743,821,50,886,537,52,766,743
EAU,62,1106,1164,55,230,246,58,217,195,55,898,842,58,768,710,56,674,694,57,788,883,58,1442,1630,56,114,155,57,493,476,55,132,146,56,1363,1397
ECP,323,1905,2156,302,2494,2731,411,1835,1632,405,3111,3333,411,2761,2734,455,5114,4890,452,6332,6064,390,4371,4506,359,2227,2028,366,2489,2260,327,1312,1205,308,3348,3269
EGE,309,5224,5644,304,3556,3447,322,7099,6747,71,455,543,31,526,513,65,302,368,107,827,870,84,1245,1417,78,544,571,40,44,50,44,159,147,284,6813,5489
EKO,53,783,1044,50,280,410,53,727,769,51,203,271,53,41,108,56,72,111,56,501,491,58,30,58,55,63,122,52,519,565,49,279,336,53,330,612
ELM,179,1901,1885,181,1542,1576,199,1612,1535,151,832,918,150,752,720,146,1054,1039,148,842,745,151,3390,3079,145,662,542,150,1412,1367,139,1820,1622,101,1560,1606
ELP,879,6807,6736,806,2643,2349,940,9862,10245,886,9455,8978,916,9741,9130,983,15810,15792,969,15846,16060,1026,14283,14334,1048,7814,6652,978,6875,6845,952,7584,7548,995,13073,12216
ERI,58,478,665,53,408,421,58,936,964,55,266,335,57,725,705,56,325,507,55,1318,1311,58,571,708,55,394,343,57,675,732,116,3206,3366,69,1401,1662
ESC,52,727,744,50,923,923,56,434,574,51,395,448,53,56,92,52,1409,1341,52,638,562,54,1061,872,52,482,399,52,300,353,50,689,487,53,1648,1464
EUG,291,6195,7069,277,4498,4576,306,8041,8414,291,4216,4398,316,5621,5781,313,3650,3685,308,2821,2891,306,2466,2534,280,1106,1245,279,4800,5071,294,3168,3230,277,7646,8107
EVV,220,3534,3915,206,3331,4096,241,1997,2418,251,1538,2140,258,2972,3669,208,1891,2062,247,7568,7319,250,6336,6244,186,1350,1083,243,2044,1950,225,1949,1969,205,4481,4484
EWN,55,249,350,55,1155,1166,59,366,372,59,1330,1372,60,345,390,60,662,874,60,1450,1519,62,729,895,57,486,491,62,412,420,56,1084,1077,57,976,986
EWR,8526,106740,87543,8522,132588,117126,9706,106074,95907,9733,110384,91486,9499,108471,99701,9705,176411,172333,10183,272660,266190,10458,208170,197284,9730,123305,122317,10016,134118,131699,9745,143352,114124,10246,225303,241067
EYW,184,3136,2923,176,1542,1388,185,1729,1476,177,1177,1163,158,1792,1787,121,3380,3281,127,1341,1199,125,2726,2547,112,2220,2076,124,928,766,115,287,165,145,1040,880
FAI,174,471,662,162,372,463,174,792,895,171,1003,1379,220,663,828,279,2465,2437,310,2894,2409,288,5421,4962,186,494,473,179,654,766,167,187,629,173,1247,1367
FAR,374,8764,9170,324,2419,2221,322,2681,3161,281,2252,2191,373,3014,3328,411,3801,4358,350,5450,5872,361,4688,4968,325,2949,3392,313,3130,3353,261,2759,2903,281,6004,6833
FAT,598,9913,9729,551,4517,4617,567,9507,9757,659,5357,5566,705,10282,10443,765,11047,11665,774,9653,9807,764,11856,11891,700,6185,6315,739,8403,8277,734,8550,9404,796,14605,15183
FAY,154,1696,1621,134,1702,1425,143,1271,1173,140,2175,2052,144,1058,1126,142,898,1108,143,3430,3083,147,2090,1881,141,918,805,145,1216,985,138,1825,1663,130,2357,2325
FCA,138,1555,1961,136,995,964,185,1296,1568,172,342,442,181,890,990,185,1576,1592,309,2620,2428,308,2387,2323,261,1348,1337,166,1524,1613,158,1528,1669,172,2660,3302
FLG,157,1088,1271,147,862,870,168,1074,1261,151,408,520,159,387,427,170,1106,934,177,3404,3137,162,2385,2175,148,923,937,157,1142,1504,145,1758,2098,105,487,773
FLL,7678,119587,109331,7346,113469,105837,8071,121175,114955,7249,88793,87497,6838,93850,94574,6551,103837,109695,6766,129990,124787,6361,119600,124544,5630,61227,64529,6013,60413,56369,6930,54135,53669,8062,123781,120468
FNT,296,2174,2227,336,1739,1863,384,2203,2734,318,2542,2776,333,1110,1383,299,1722,1693,375,3867,3791,377,3605,3821,303,2276,2537,294,1865,2224,277,2293,2188,284,2250,2680
FSD,343,4230,5811,340,2817,3378,344,6433,6896,331,1328,1307,370,2974,3171,365,3417,3966,329,2671,3005,358,4327,4824,341,3746,3880,430,5165,5289,361,5879,6627,318,6339,6511
FSM,148,1205,1177,143,1168,1039,98,397,425,90,747,908,89,727,727,90,1325,1334,68,1305,1351,70,2828,2716,90,812,873,93,444,436,87,1410,1452,88,1256,1327
FWA,308,4169,4569,311,4947,5182,356,3533,3660,341,3273,3307,380,2937,3041,371,4143,4058,343,4766,4674,351,5368,5405,351,3345,3214,370,4118,4146,354,5769,5879,350,9228,9708
GCC,88,322,306,83,413,429,89,330,421,85,267,271,88,546,523,86,323,355,87,878,824,89,1279,1262,86,1156,1166,88,570,590,85,1191,1336,86,694,970
GEG,857,8855,9711,790,4973,4508,882,7217,7558,785,5454,5545,787,3279,3236,902,7431,7719,897,7841,7564,904,7017,7128,842,4412,4626,808,5812,5804,771,4583,4420,865,11436,12589
GFK,94,918,1073,110,1522,1736,167,1802,1726,142,396,350,84,198,178,149,2102,2179,120,1406,1406,115,603,593,82,154,250,174,918,978,158,1361,1471,160,4882,5292
GJT,188,1743,1793,195,751,962,266,1904,2001,237,319,522,325,2263,2732,281,864,1134,264,2062,2328,254,1027,1169,224,906,917,280,2239,2276,227,1993,2046,179,1437,1605
GNV,194,2310,2182,176,2166,2133,202,1800,1598,197,1551,1549,200,2306,2450,195,6493,5873,179,3072,3071,178,3377,3496,190,2216,2108,198,2008,1887,189,2068,1966,189,1826,1681
GPT,264,2791,3104,246,1974,2336,268,3009,3283,254,3697,3871,265,1462,1626,290,4363,4506,270,3549,3511,270,4532,4425,246,2041,1730,267,1187,1261,262,2322,2265,247,3184,3472
GRB,241,2887,3214,242,2354,2674,366,3317,3624,320,1492,1822,328,2804,2982,355,3396,3474,380,5127,5070,363,4311,4278,236,1511,1678,300,2928,3040,323,2055,2018,285,3153,3652
GRK,214,1144,1114,204,1583,1520,229,2117,2366,235,1699,1851,139,1317,1403,159,1915,2243,128,1491,1569,130,1558,1820,118,749,720,127,1379,1304,123,946,922,124,768,774
GRR,753,7481,8207,727,7512,7172,793,7624,8499,746,4796,5426,827,5202,5391,835,7724,7740,691,10086,10295,726,10657,10941,773,6357,6689,810,4943,4836,792,8525,8546,742,14201,17524
GSO,427,4294,4527,377,6393,6413,473,4157,4097,540,5387,5178,558,5000,5176,539,8207,7851,493,9319,9250,530,8867,8929,584,5938,6066,633,7387,7427,537,7052,6869,401,5136,4965
GSP,536,4548,4590,546,5885,6012,681,8153,8295,651,6286,6377,688,6338,6202,728,11970,11653,551,11090,10799,578,9027,9181,585,5386,5384,566,3036,3049,540,4930,4676,507,7536,7514
GTF,151,1887,2116,108,893,861,165,2489,2475,119,1350,1436,117,273,265,190,999,1016,245,2591,2559,227,2647,2642,148,529,643,124,82,195,112,870,1023,123,1833,2231
GTR,83,1485,1607,81,1874,1808,89,453,378,85,882,861,89,664,785,86,735,820,86,1955,2004,89,1587,1527,84,850,802,88,1082,1009,80,1106,1207,73,1062,1125
GUM,31,230,205,29,63,104,31,214,119,30,79,48,31,552,518,30,120,39,31,514,470,31,654,491,30,394,434,32,173,86,30,188,225,31,789,777
HDN,185,1911,1987,174,598,578,189,2076,2198,39,542,652,31,111,164,30,463,526,32,446,463,47,453,548,60,511,562,53,295,274,30,389,465,155,4884,4390
HIB,83,3155,3563,79,1617,1670,85,439,613,81,1127,1256,84,1183,1167,82,1733,1781,83,941,950,85,984,997,82,1358,1421,83,125,252,80,2099,2111,84,840,1320
HLN,118,446,669,122,450,501,146,441,566,141,843,953,146,205,295,144,145,141,148,1102,1176,151,1014,982,144,382,425,150,364,422,140,301,349,127,2072,2208
HNL,3870,18878,13659,3596,15418,12441,3965,22069,18874,3828,15684,16613,3999,17723,18628,4158,23067,26051,4338,28389,30226,4295,19732,20750,3724,19109,20919,3809,20751,19677,3697,19173,23313,4269,40336,40978
HOB,49,407,426,49,299,316,49,585,583,47,139,148,57,452,428,56,896,813,56,674,615,55,1045,946,47,406,360,52,106,165,52,143,115,52,1500,1475
HOU,4540,34252,28878,4224,23847,21381,4652,50699,49716,4357,46915,49505,4433,58800,59524,4658,96721,94529,4758,98855,94685,4620,51650,53102,4362,31756,31700,4465,26955,27564,4477,32149,31996,4656,47350,44606
HPN,548,6905,8382,534,9641,10186,613,5839,6470,589,6731,6587,606,7473,8708,633,10141,10617,609,15233,15707,613,17084,15765,563,8644,8799,642,8668,7821,592,7873,6642,586,9029,9932
HRL,244,940,905,236,563,702,269,2434,2206,246,2526,2587,260,2861,2856,264,3593,3632,274,3048,3420,268,1923,2088,246,1487,1612,218,1124,1202,228,1214,1382,222,1855,1761
HSV,314,3420,3395,309,1579,1351,361,2741,3014,326,2052,2122,348,2705,2651,355,4805,4403,355,5663,5317,366,4428,4366,350,925,787,368,2605,2449,328,2123,2193,289,3490,3239
HYS,52,571,616,50,731,792,54,782,804,51,103,116,53,602,673,52,197,334,52,988,967,54,296,355,53,207,230,52,94,100,51,422,428,52,505,659
IAD,2537,22213,16950,2241,22930,20921,2636,26122,23389,2763,24929,23389,2919,27120,25813,3168,61678,62971,3239,68548,66373,3190,40028,40183,2899,26475,26854,3080,25718,27890,2909,23094,20095,2907,42057,48897
IAG,31,328,276,37,397,467,44,557,561,34,632,568,26,232,174,25,233,195,27,185,163,27,576,494,23,70,59,23,236,232,39,322,225,62,966,908
IAH,11660,102992,96712,11094,83797,80628,11780,147675,141509,11174,112881,108982,11840,164523,159346,11747,198450,191315,11683,164867,151596,11677,169846,170945,10780,86522,85648,11571,92278,80347,10886,94784,83488,11485,168566,149425
ICT,688,6318,6983,625,5235,4884,684,6547,6597,726,8736,8989,619,7953,8152,610,5665,5274,677,9314,9710,716,10222,10343,622,7849,7971,654,3648,3763,637,6146,5744,605,7767,7250
IDA,208,1371,1990,191,1138,1224,195,1467,1755,199,1319,1439,206,1111,1273,208,524,871,244,1733,1768,240,1960,2164,201,525,545,207,590,654,195,1406,1363,189,7196,7669
ILM,196,2568,2644,177,1886,1969,174,2289,2198,175,491,579,179,1330,1491,220,4818,4917,238,6590,6725,249,5008,5024,255,1471,1452,260,2398,2207,246,1077,1097,216,2165,2181
IMT,57,1018,809,53,254,133,58,1182,669,56,392,413,57,962,930,56,443,342,57,437,381,58,801,725,56,460,480,57,853,870,55,677,761,57,1338,866
IND,2209,17380,18151,2110,16414,15884,2462,26457,26126,2319,19160,18701,2450,19993,21454,2463,36679,35487,2421,42315,41625,2225,28296,29598,2006,17223,18090,2119,14627,15200,2032,14520,12787,2204,29933,30604
INL,54,1268,1522,50,1246,1330,54,935,411,51,1147,771,53,930,101,52,1134,1124,54,1251,1379,52,458,647,52,525,642,52,244,347,51,905,945,53,789,1114
ISN,169,1790,1673,171,1860,1697,158,936,968,144,712,705,149,1839,1931,146,1768,1593,145,1386,1552,149,2016,2111,140,1384,1451,101,241,394,87,985,1024,85,3405,3371
ISP,381,2201,2375,346,3080,3080,406,4390,4147,431,2585,2488,445,2981,3121,397,5978,5627,407,8589,8247,376,3589,2808,352,1923,2169,367,2063,1810,384,2303,1298,414,2936,2654
ITH,59,581,564,73,2211,2160,75,936,950,85,520,563,86,769,719,86,797,996,44,1062,1179,58,684,860,86,484,586,87,1048,1035,81,2020,1852,83,2709,3028
ITO,492,1222,1463,465,1223,1656,517,1475,2053,503,1992,2198,516,1894,2158,511,1969,2380,531,3300,3817,531,1456,1696,466,1867,2293,483,1386,1705,468,1292,1637,491,2895,3465
JAC,403,7784,8023,397,7067,6240,407,5179,5718,158,1755,1641,185,904,1062,356,4894,4832,571,5042,4814,531,7127,7517,354,4109,4269,179,672,832,81,557,780,309,16711,18045
JAN,429,3484,3606,411,3541,3212,437,4005,4196,414,2307,2654,437,4838,4636,444,6192,6073,470,9996,10053,479,6881,7611,377,2432,2412,454,2628,2337,431,3638,3435,418,6229,6162
JAX,1500,13460,12923,1423,15281,15827,1556,10508,10229,1559,11104,10819,1599,17690,17158,1622,22615,22251,1577,32314,31362,1589,22385,22084,1553,13169,13259,1602,11635,11436,1483,10272,10377,1681,18844,18229
JFK,8027,108934,105962,7672,164349,163137,8545,105061,107161,8206,106840,99753,8356,79930,75178,8437,139426,150365,8774,252388,253756,8646,192806,187456,7666,81984,84749,7775,78539,83857,7582,65209,45130,9086,162336,196285
JMS,74,1341,1125,71,1906,1960,76,468,616,72,411,478,75,568,667,74,1854,1759,84,390,501,84,1660,1621,82,535,417,84,1112,1128,80,616,583,83,736,674
JNU,345,3326,3316,336,2126,2169,362,3182,3170,351,924,1140,391,1438,1638,483,2871,2858,512,2488,2602,507,4160,4155,340,1804,1774,326,2604,2954,309,1752,2420,318,3738,3756
KOA,990,8896,6933,933,4918,3914,1067,9184,8778,977,3026,3467,994,3313,3193,1106,10371,10646,1178,8178,9318,1177,5970,6932,908,3917,4501,959,5459,5233,979,4236,4985,1211,13023,13285
KTN,186,1236,1170,174,768,847,186,1308,1445,180,1091,1160,215,1481,1622,262,1171,1174,273,1554,1609,271,2407,2440,194,1082,720,181,1856,2014,174,1619,1788,179,2677,2662
LAN,249,3703,4204,246,4434,4560,176,1910,2351,286,2246,2482,171,3056,3105,230,1672,1900,247,2673,2800,237,2856,3129,103,736,824,124,2365,2462,179,1494,1403,186,2935,3771
LAR,52,564,606,50,245,201,54,784,779,51,143,171,53,709,658,52,761,820,52,435,430,54,424,489,52,718,765,52,708,686,51,388,368,53,785,769
LAS,12246,147504,147862,11422,103069,99030,12731,147653,152691,12520,162736,165245,12944,132498,123704,12796,204097,198520,13057,240621,235173,13036,185895,188068,12575,113751,112729,13156,130562,125422,12118,87035,94161,12682,226403,204045
LAW,87,293,337,86,648,609,93,1455,1425,86,1177,1130,65,760,855,83,845,1026,62,1137,1339,101,2835,2838,118,1287,1411,123,636,695,114,1271,1335,122,3835,4081
LAX,16427,202755,210619,15407,158583,157606,17304,231445,226841,16990,185009,180126,17692,208864,191237,19078,337387,329832,19920,344075,335171,19726,347178,344393,17527,190429,194596,17988,234180,214312,17044,172643,177846,19976,444222,398843
LBB,399,1877,2080,385,846,793,412,3208,3437,386,3531,3085,379,4281,4268,364,5183,4989,350,6611,6358,381,3760,3817,390,2372,2812,343,1108,1166,367,2560,2708,421,5113,4965
LBE,93,1303,1707,101,1692,2012,114,2035,2045,95,1261,1274,85,567,660,81,734,679,84,1487,1450,84,1921,1876,70,1039,1033,69,415,404,77,484,520,93,388,570
LCH,75,253,277,76,505,538,84,757,787,71,461,516,105,1016,1071,73,1046,1127,90,1171,1195,125,1418,1542,144,587,606,148,1060,1073,139,2579,2721,134,3367,3193
LEX,365,5829,5647,416,6643,6738,415,3510,3878,358,3062,2941,411,4349,4724,406,5607,5509,461,8985,8744,473,8768,8673,448,5064,4846,500,5986,5653,475,5209,5602,442,7836,8424
LFT,269,3040,3113,267,2003,1975,253,4503,4495,268,1772,1773,251,3325,3195,248,4258,4416,206,6417,6508,230,3662,3882,265,1375,1427,261,2309,2097,271,3022,3169,306,4040,4053
LGA,8028,98941,95344,7879,160219,148469,8302,118167,118199,7752,93060,90194,8032,95878,102844,8418,165406,178074,8497,234626,238973,8688,170004,171331,8156,103824,107258,7985,92727,87802,7438,113140,96872,8239,114557,116596
LGB,755,14454,14877,709,13991,14041,770,11868,12634,759,6023,6883,858,9320,9210,968,9550,8902,1010,12505,12192,1081,13014,13329,1012,8703,9049,1084,13048,12994,1015,8564,8544,1142,15047,14978
LIH,1005,5226,3669,919,4439,3934,992,5677,5744,944,2840,3250,975,3391,3693,1104,7933,9041,1149,7202,8097,1107,7042,7499,852,6008,6399,899,2774,2916,886,2627,3213,1063,6298,7384
LIT,614,4565,4892,587,2451,2517,695,5674,6050,682,4007,3969,743,7484,7621,703,7763,7502,751,9628,9638,780,10048,9883,715,5475,5670,772,4232,4002,686,6518,6112,665,6206,6264
LNK,231,2596,2993,241,1485,1746,293,2279,2360,201,1786,1868,295,1539,1790,267,2074,2395,282,3665,4216,294,3690,4008,227,3079,3091,253,2043,2269,239,2376,2436,231,5388,5696
LRD,162,2453,2353,159,424,492,173,2716,3044,163,1363,1618,201,974,1330,151,2391,2528,198,3728,3794,206,3333,2996,186,1363,1302,191,871,1025,179,2374,2554,154,4511,4436
LSE,49,617,662,65,346,437,85,625,563,48,499,435,87,309,280,23,55,30,83,476,549,89,1005,953,84,227,385,34,310,322,49,235,330,60,879,1104
LWS,55,1158,1224,57,66,136,62,128,138,60,18,11,59,127,155,60,46,62,60,178,163,62,178,188,59,320,281,62,65,48,58,190,165,61,1392,1594
MAF,471,2560,2625,460,1484,1603,517,5877,6321,515,4891,4852,503,3807,3817,469,5870,6160,456,7086,7413,500,5492,5830,458,1920,2056,520,2987,3000,500,4261,4213,484,3789,3745
MBS,189,3560,3726,163,2819,2862,126,1733,1730,177,1020,1196,95,1350,1342,233,967,923,203,2451,2615,200,2454,2467,140,1265,1197,155,2206,2391,138,1005,1120,176,3489,3659
MCI,3320,24377,23560,3147,21530,19793,3650,34087,36895,3622,30357,29326,3902,45105,45074,3894,46989,45954,3950,60597,61440,3844,42855,44977,3528,21299,22854,3658,21760,25305,3530,22117,20562,3704,50986,54171
MCO,10739,129467,115391,10150,111188,111525,11748,181003,177992,10908,118992,117159,10550,114539,113484,10615,161816,167165,11146,213335,202234,10160,188714,187607,8824,111186,110497,9637,72773,66343,10161,74375,73104,11936,169307,165008
MDT,189,2111,2168,140,1750,1780,174,2356,2015,192,887,767,253,3437,3266,179,2326,2258,174,3238,3308,204,3512,3409,265,3201,3506,296,1434,1493,282,3436,3122,213,3268,3629
MDW,6679,57865,42034,6208,50687,44836,7327,65183,62520,7299,61265,52424,7546,80337,74157,7917,100286,86461,8140,164699,155578,7836,89101,79948,7279,52177,48625,7527,45065,44329,6893,58044,48215,7158,110408,106187
MEI,83,984,1032,79,687,718,85,3340,3444,81,2273,2365,84,1586,1686,82,2310,2380,83,2172,2306,85,2885,2937,82,766,752,83,663,710,81,2878,2918,84,1041,1145
MEM,1151,7198,7755,1035,9195,9209,1022,8390,8691,1150,11390,11580,1170,12527,11960,1296,19018,18375,1265,23287,22702,1263,19146,19773,1206,9080,9162,1271,5897,5353,1213,9578,8695,1149,11996,11711
MFE,194,880,979,191,488,473,165,2307,2240,186,1517,1472,198,2703,2508,160,3938,3906,204,3767,3586,179,2663,2713,183,982,878,186,2336,2187,189,839,1040,191,4134,3972
MFR,235,4274,4402,219,1427,1444,214,3662,4030,227,2991,2980,266,3627,3628,260,2909,2736,274,2602,2698,278,4551,4272,266,3252,2831,252,4208,3947,230,2637,2781,245,7404,7246
MGM,191,3669,3503,183,2946,2908,200,1776,1593,224,1335,1425,208,1597,1536,200,3252,3273,197,4443,4167,197,3934,3873,218,3997,3820,223,2103,1815,210,4449,4282,198,2541,2488
MHT,443,4254,3613,456,4841,4944,469,4347,4452,575,4490,4899,669,3440,3451,633,6604,6294,566,7635,7807,570,6111,6008,600,3802,3779,630,4494,4326,565,4356,3299,536,6264,7007
MIA,6083,101662,92787,5742,76334,74135,6217,101953,99890,5866,69479,76158,6114,97251,108631,5857,114141,126959,5943,128007,129606,5791,142995,148587,5107,60029,66090,5385,44344,46683,5498,50330,51203,8225,108532,112045
MKE,2703,29272,28547,2579,21472,23096,2952,28178,31999,2754,24443,24255,2766,22271,22195,2933,34402,32934,2939,44507,44336,2833,34533,35473,2562,20097,22112,2588,20116,21668,2477,20065,17733,2527,37518,43328
MKG,62,1050,1441,55,798,879,58,751,852,55,786,722,58,1324,1293,56,619,593,57,1228,1116,58,921,875,56,250,296,57,357,453,55,1388,1394,56,667,518
MLB,117,450,438,106,811,769,147,1121,858,145,1209,1076,143,867,640,142,2087,2097,131,2792,2757,128,1982,1960,109,968,800,115,936,812,108,349,481,127,1054,1105
MLI,216,3047,3119,95,1501,1510,186,1386,1553,306,1796,1872,264,2273,2576,286,3987,4134,165,1476,1528,173,3314,3281,145,3292,3289,244,2642,2485,259,3812,3807,188,5156,5505
MLU,247,2344,2504,233,2314,2465,241,2161,2544,242,1925,1725,279,4264,4508,286,4093,4522,259,5570,6006,261,4402,4588,262,2541,2555,272,2639,2441,236,5049,5102,255,2709,2918
MOB,353,3224,3983,327,3578,4365,348,2958,3524,372,2706,3330,391,4048,4796,396,5315,5838,462,9919,9869,461,8223,8368,448,5565,5242,460,2960,2763,450,3364,3502,439,4912,5090
MOT,151,2552,2681,161,1908,1929,162,2520,2726,155,904,873,202,721,827,169,2582,2525,173,1220,1299,155,1785,1869,60,504,566,93,1293,1370,107,2845,3153,59,1231,1654
MQT,54,2592,2733,52,1452,1588,57,1379,1663,55,848,1020,57,68,162,60,199,235,77,282,302,62,730,739,55,1472,1480,57,764,803,55,1107,1219,56,3192,3272
MRY,210,1341,1680,161,2099,2089,176,2897,2954,200,1464,1664,212,796,1250,206,2179,2200,210,2177,1964,210,3110,3502,197,2345,2692,259,3461,4023,259,3215,3688,244,3534,4309
MSN,576,4914,5147,585,6638,6936,594,4810,4992,653,3613,3612,586,3705,4029,668,6192,6008,692,10171,10161,705,11016,10739,673,4565,5110,661,5030,5213,594,6175,5879,545,8730,10004
MSO,181,2201,2425,163,1775,1810,230,1649,1926,154,395,488,239,1076,1160,259,1490,1503,345,5212,4829,332,2759,2857,246,2256,2226,162,914,842,168,1352,1306,203,3020,2918
MSP,9581,94746,105487,9305,104640,112068,10845,86440,99414,10652,67992,62450,11005,74067,76625,11466,133633,138249,12254,168301,176014,12165,177882,194506,10600,84511,99658,11165,66351,72993,10235,98313,101619,10318,185835,208373
MSY,3507,29949,27448,3465,26680,25876,3774,42623,41299,3681,39314,39365,3942,43711,42433,3602,55604,55189,3588,60361,59526,3541,46540,48462,3358,25599,26258,3750,23397,20744,3713,28269,26827,3726,40129,40496
MTJ,153,2177,2403,142,1296,1072,208,2925,3002,59,171,232,31,0,0,60,644,610,76,1412,1358,94,1695,1835,104,1812,1904,30,118,116,11,0,0,132,2588,2376
MYR,228,3092,3349,288,5429,5615,475,6589,6361,549,6277,6250,604,5156,5145,609,7550,7540,678,9828,9586,665,12909,12721,531,6328,6314,522,6551,6356,333,4238,4293,272,4101,3859
OAJ,90,1165,1245,91,1690,1698,101,605,702,113,927,971,117,1041,1317,113,2238,2536,111,2284,2296,115,2806,2885,107,2207,2130,109,731,774,104,901,974,98,1346,1508
OAK,3654,38390,38108,3365,25279,23933,3765,37627,37879,3840,34443,36791,4035,34868,34764,4372,56440,57101,4504,64074,60851,4519,40980,41844,4163,28817,30800,4330,40418,39116,4089,31362,31575,4228,68761,67259
OGG,1909,16137,11827,1793,12848,10723,2010,22736,21552,1892,12106,12528,1898,9519,9925,2027,15987,17284,2150,14322,14141,2071,14305,14604,1825,11467,12643,1860,9596,9044,1846,8014,9909,2232,21687,24302
OKC,1322,7729,7726,1241,7705,7028,1363,10939,10595,1265,8768,8527,1303,15818,15115,1261,16372,15172,1338,17743,17626,1372,16414,16935,1354,9888,10174,1396,7600,8590,1263,11803,11097,1246,15432,15302
OMA,1409,14746,15667,1269,15159,13899,1526,10634,10014,1429,8643,8258,1499,13883,14290,1476,19702,18508,1517,23663,23235,1517,18517,19010,1576,12566,13104,1599,10850,11476,1557,13334,12678,1699,20067,21543
OME,61,281,376,58,315,414,62,485,461,60,393,459,61,128,177,60,184,229,61,210,272,62,451,524,59,320,365,62,136,212,58,251,263,60,733,853
ONT,1598,18690,18859,1495,11027,10652,1651,20254,21143,1646,16633,16460,1739,21692,20850,1630,17124,16086,1624,22066,21234,1670,17224,17271,1595,10256,10506,1655,17902,17446,1609,13137,13143,1849,28610,27959
ORD,18610,263338,238885,17763,278262,271857,19904,280477,283382,19796,216862,198809,21602,302623,302653,21692,325006,312363,22214,524882,514673,22226,468993,459773,20406,250291,247603,21555,247265,251358,19488,207776,197180,21465,420624,435609
ORF,846,9718,9341,812,9579,10013,863,8057,7573,965,8502,8623,967,12301,11273,971,14144,13783,1074,27806,26787,1044,18592,18105,904,10049,9262,1022,8628,8169,816,7723,6872,854,9060,8942
ORH,60,1161,1216,58,749,722,62,932,746,60,1197,1099,62,889,1093,60,1214,1318,61,2142,2449,62,1834,1706,58,389,512,59,404,462,58,459,304,61,853,888
OTH,17,449,471,17,564,550,17,718,733,17,455,480,18,366,322,32,325,319,39,1252,1139,40,1153,1079,37,416,492,33,567,649,16,247,266,17,396,417
OTZ,61,212,255,58,292,287,62,254,262,60,205,233,62,107,99,60,117,122,61,777,769,62,410,420,59,132,166,62,137,129,58,250,303,60,537,587
PAH,62,1218,1260,55,362,415,58,316,334,56,964,1039,58,1201,1229,56,375,433,57,1687,1817,58,933,984,56,300,404,57,998,970,55,479,588,56,1130,1107
PBG,31,327,424,29,331,323,31,379,425,28,173,197,27,361,449,26,469,405,26,382,304,26,418,323,23,113,89,22,201,132,40,228,143,62,675,771
PBI,2436,39208,32125,2374,49567,47125,2669,42330,37247,2293,29375,28631,1902,26566,24912,1656,26803,27782,1653,33809,34971,1661,28942,29958,1528,17085,17365,1670,12826,11727,2031,22413,23409,2523,37641,37128
PDX,4136,34082,41265,3929,23704,24297,4615,36769,38255,4595,28145,30693,4959,33915,36556,5361,52050,52357,5716,53241,49627,5667,54848,53736,4913,31408,31147,5027,45314,44684,4789,29198,30799,5089,91497,89279
PHF,88,490,452,81,812,838,93,589,442,90,397,392,93,482,615,109,980,959,115,2071,1862,107,3131,3006,83,449,317,93,659,457,87,847,678,88,1472,581
PHL,5664,52932,50298,5377,64615,66994,6068,55872,55593,5920,55788,59809,6448,63679,70066,6389,84502,98996,6626,123838,142212,6562,90326,94272,5904,72406,80687,6215,52130,58782,5980,42836,33646,7375,91726,110336
PHX,13024,109691,117674,12289,79826,84177,14443,120988,131029,13404,103740,105526,13670,109882,104519,13691,173577,177980,14009,215327,222499,13310,168660,187638,11963,74158,75911,12955,131128,120011,12744,98050,106791,17019,227474,212321
PIA,249,3633,4102,270,4421,4535,276,4038,4672,225,2625,2647,271,3169,3602,287,1628,1722,263,3642,3820,247,3730,3761,210,2326,2559,238,2625,2469,206,3496,3652,210,5072,5180
PIB,52,794,964,50,452,585,54,1068,1508,51,1096,1198,53,628,716,52,558,577,52,1544,1707,54,916,964,52,856,821,52,469,576,52,1121,1063,53,572,619
PIH,56,351,665,52,493,642,84,88,422,81,28,202,81,350,486,82,176,323,81,783,766,85,294,308,80,76,98,83,171,261,78,1009,1201,83,1954,2114
PIT,1887,13486,13030,1758,15611,13953,2065,17466,17115,2085,16884,16903,2150,15724,15158,2234,22632,22460,2312,30694,29683,2200,20749,21915,2063,14040,14511,2214,15207,16500,2164,15504,12407,2319,20607,25127
PLN,54,1132,1177,71,1281,1231,81,1010,841,85,2034,1995,88,1654,1515,108,1106,962,169,1796,1638,125,2961,2859,86,1544,1484,78,1435,1364,77,856,703,79,2040,2033
PNS,443,4484,4169,417,4534,4368,495,4237,4180,482,3743,4091,500,4963,4974,573,6163,5627,593,7266,7179,565,8187,8210,479,2382,2234,488,2075,1615,444,2350,2234,497,5831,5344
PPG,10,11,52,9,92,85,8,50,40,9,2441,2471,10,74,48,13,0,0,14,1458,1502,11,27,36,9,38,38,9,16,10,8,8,14,11,3041,2976
PSC,298,4775,5452,268,1675,1778,337,2713,3473,327,4258,4292,332,2793,3125,326,1396,1806,337,3514,3557,337,5049,5018,319,2167,2399,329,3313,3472,287,4894,4584,311,4498,4636
PSE,73,723,723,58,831,837,62,393,364,60,866,792,73,149,141,79,845,924,93,1261,1251,88,873,829,59,784,611,62,779,789,69,206,218,87,842,825
PSG,62,196,222,58,238,240,62,268,299,60,132,168,62,251,253,60,201,239,62,220,208,62,587,638,60,413,417,62,792,802,58,329,362,60,858,857
PSP,978,16796,17096,1034,16524,16758,1254,21568,22811,1033,10593,11023,843,13039,13686,599,7869,7920,579,8390,7910,584,10424,10647,592,5446,5580,752,12066,12586,907,9826,11072,906,15834,15771
PVD,996,9467,9739,870,9943,9894,1056,9179,9413,1070,7199,7879,1097,5634,7040,1070,9055,9131,1087,14904,14371,1057,13345,12497,990,6511,6398,1081,5707,5410,1127,7899,6031,1213,12960,13749
PWM,377,3469,3682,368,6461,6750,397,4172,4870,485,4010,4353,488,3777,4008,536,7266,7066,679,13331,12969,713,13590,13362,721,7900,8544,689,8813,9633,445,5291,4722,472,9452,9938
RAP,218,2919,2871,169,2935,3032,174,1511,1679,249,1711,1897,239,1037,963,302,3796,4104,427,5682,5852,366,4685,4750,241,2500,2486,209,539,671,153,891,829,257,4594,4414
RDD,61,923,972,58,789,824,62,1451,1415,86,1432,1322,92,2351,2221,90,725,712,92,942,915,93,2608,2668,85,699,728,92,947,1070,90,710,593,90,823,859
RDM,183,2454,2728,166,1362,1369,183,2448,2971,175,2073,2127,55,373,374,300,4293,4851,333,6186,6124,319,5941,6086,268,1917,2025,273,6223,6377,260,2436,2669,272,5559,5912
RDU,2569,22078,22160,2439,27426,28870,2810,23311,22488,2838,27934,29013,3202,30367,30857,3146,42723,42659,3216,69846,68168,3163,51792,51494,2866,26309,26857,2952,22065,21884,2927,23078,22254,3012,40488,42739
RHI,88,652,987,83,1020,1156,89,549,639,85,621,575,89,1461,1451,86,828,849,88,667,863,89,1093,1172,86,597,725,88,1616,1765,84,1201,1377,87,1326,1418
RIC,1155,11875,12377,1170,16878,17592,1327,13710,13847,1283,11943,12724,1325,16291,18219,1370,26517,26402,1408,31283,30304,1468,30929,30742,1404,17103,17813,1463,13827,13483,1295,16516,15510,1279,17908,18486
RKS,57,858,994,54,229,275,58,194,252,55,599,830,57,660,654,56,432,424,56,25,120,43,94,101,56,633,698,57,114,211,55,106,132,56,246,290
RNO,1001,11397,12747,935,7999,7691,1106,19710,20831,1087,11804,12540,1109,10522,11131,1266,14593,14618,1347,15758,14947,1363,15055,15507,1289,11286,11471,1304,10809,10289,1154,10921,11142,1252,19436,18993
ROA,183,1526,1837,177,2181,2267,164,894,1194,195,3667,3500,199,2178,2466,197,2185,2324,164,3167,2921,179,2469,2731,193,2252,2075,201,2338,2084,188,1743,1468,174,2156,2197
ROC,585,4309,4122,593,9735,9905,611,4743,4858,509,3942,4134,606,3819,3630,634,7363,7340,670,10700,10268,661,10482,10403,655,5523,5658,662,4994,5897,623,7581,7148,595,7839,8788
ROW,4,63,48,4,2,2,33,154,293,35,122,218,35,139,128,34,235,272,36,268,340,41,518,599,56,669,673,57,304,403,52,653,793,53,860,885
RST,77,1326,1394,86,596,692,115,1071,1011,113,685,579,118,832,800,75,653,615,115,2129,1940,114,2223,2149,114,2669,2598,119,429,376,104,1741,1818,61,1634,1707
RSW,3294,43653,35974,3298,43458,40405,4174,61462,56736,3030,34198,35214,2039,24964,23993,1625,24224,24247,1637,25762,25954,1515,22791,22967,1345,14732,14618,1809,13684,12574,2488,14075,15349,3212,41609,42934
SAF,58,839,855,74,464,506,91,2284,2400,89,2154,2349,89,1398,1643,116,2764,2995,121,2526,2790,116,5123,5186,107,2187,2269,110,1808,1650,106,2113,2200,135,2145,2390
SAN,6016,63936,64463,5686,40469,39709,6449,66685,67725,6373,54831,54836,6574,59541,59170,6870,71692,76331,7161,84205,87083,7116,77612,80457,6433,55221,55913,6645,55715,53400,6313,50569,52754,6984,104437,97933
SAT,2342,13629,12227,2198,12389,12156,2560,25881,25801,2450,27048,26994,2719,27186,28107,2682,38237,37488,2749,40224,39574,2681,33776,34402,2517,16437,17985,2688,20521,22266,2631,19848,19256,2808,29883,28573
SAV,531,4141,4099,517,6300,6631,637,7420,6755,639,5498,5167,570,7323,6971,611,9241,9062,636,12844,11895,709,15874,15509,654,5953,6158,655,6919,6489,586,7326,7146,581,9842,10414
SBA,500,8101,8681,441,5168,5232,480,9584,10112,496,5515,5746,514,9458,9344,497,6901,6856,534,6377,6634,540,11247,11351,517,7185,7349,534,9674,10014,466,5870,6490,464,9494,10412
SBN,396,5334,6043,380,5896,6272,463,5638,6013,445,5116,5225,432,3420,3513,453,3297,3027,478,5454,5359,490,8757,8628,453,3867,4029,477,5880,5734,441,6171,5777,406,10481,11634
SBP,221,2535,2710,244,1836,2136,287,3802,4152,280,4181,4464,307,3282,3493,278,3216,3514,255,3093,3061,252,3536,3631,258,1656,1754,275,4743,4998,265,3481,3844,271,5489,6190
SCC,80,149,193,75,279,296,79,166,264,78,380,448,80,193,213,76,361,368,62,170,149,62,375,318,60,182,185,62,277,176,59,151,187,61,303,401
SCE,58,449,547,55,1153,1243,62,662,712,60,312,373,61,768,768,60,584,651,61,969,1022,62,1177,1313,57,499,483,88,1256,1328,57,771,856,65,655,988
SDF,746,9376,9731,735,10037,9867,775,7928,7846,827,8513,8088,946,10145,9842,955,12685,12046,864,14194,13310,839,10822,10948,830,5600,5067,892,5627,4537,797,8048,7529,764,13072,13027
SEA,9749,87549,99408,9205,59265,61436,10288,82707,91416,10311,67867,79228,11500,66306,74785,12512,131562,132982,13165,140028,134740,13214,143239,142958,10997,67306,69792,10885,84903,89612,10171,64176,71552,10953,159992,155981
SFO,13207,211212,211360,12420,138455,129780,14259,273945,269418,13955,163134,172208,14899,201636,198376,14927,197053,199417,15491,239622,225763,15962,255801,251257,14425,144049,152267,14801,257121,236377,13874,145430,144778,14975,284781,259202
SGF,231,2647,3086,241,3666,3701,235,1795,2013,221,1201,1410,255,2143,2212,304,4279,4574,247,3716,3853,229,3053,3167,221,1380,1226,239,2534,2538,202,2583,2435,175,2961,2970
SGU,153,787,1161,160,1241,1439,182,1432,1556,175,645,697,180,1126,1120,162,898,816,159,1334,1367,163,540,744,173,350,452,181,815,887,198,1362,1729,193,1875,2225
SHV,481,4821,5015,440,4053,4341,502,5167,5587,438,4313,4451,501,4739,5329,532,7447,7871,545,10373,10867,525,12973,13425,494,5935,6472,520,3267,3603,493,5314,5615,474,8641,8770
SIT,92,947,970,87,193,232,93,1247,1019,90,185,218,114,488,558,172,780,898,182,1791,1861,182,942,997,97,452,519,89,796,806,83,537,545,89,1671,1651
SJC,3214,29681,29241,3025,21160,20605,3265,29565,29245,3264,29158,30155,3507,32704,32582,3721,47508,47729,3800,50514,48980,3873,34996,35302,3565,23731,24920,3609,32814,29224,3596,27933,29798,3865,65562,64419
SJU,2408,37169,32702,2167,28006,26495,2407,27625,26822,2350,20879,21675,2300,21656,20267,2399,24268,25472,2638,35968,33971,2274,45513,42398,1607,15332,14294,1760,17399,16766,2045,13609,14179,2793,33008,32487
SLC,8684,75331,92958,8271,61582,70073,9530,71509,82480,8652,53139,53996,9044,56644,54868,9310,84623,84508,9782,91420,89060,9808,100403,100734,8866,45893,50187,9205,53405,58909,8582,48402,53567,9288,158993,155179
SMF,3152,33466,33676,2988,20762,20515,3342,33535,33064,3281,27766,28836,3532,30592,31696,3607,45829,45598,3670,51812,49841,3711,40928,41328,3387,23589,24550,3587,36229,34665,3499,28164,29142,3668,67373,64465
SNA,3465,26290,25399,3274,23868,23592,3573,33931,33708,3478,28601,27347,3643,35580,33060,3606,35039,33795,3667,36888,37897,3777,43378,44684,3511,23383,24598,3609,39101,38441,3450,25424,26716,3803,50509,45355
SPI,142,1495,1552,137,698,863,151,1743,1879,145,1377,1544,150,2528,2708,150,1551,1640,154,3649,4079,155,2168,2252,145,694,666,150,1250,1348,136,1922,1878,123,3958,4053
SRQ,327,4146,3703,346,5710,5139,453,7755,7180,344,4556,4539,246,4682,4344,209,2294,2334,211,4693,4142,210,4972,4929,190,1318,1188,210,1404,993,227,1323,1220,308,4907,4533
STL,4321,40336,35847,4069,35182,36027,4645,46287,45730,4535,45430,43182,4644,56338,55128,4721,68452,62949,4935,98646,96294,4876,62674,62613,4569,37693,38697,4768,32886,34241,4657,40071,35589,5087,69106,68296
STT,448,9045,8602,440,5721,5674,531,6999,6449,492,4064,3998,430,2907,2987,429,6432,6530,464,6258,6580,401,5409,5850,251,3887,3788,300,2727,2812,339,1592,1617,585,11987,11331
STX,98,1667,1659,94,2324,2371,106,1483,1395,104,844,819,101,774,804,98,1191,1551,103,1270,1199,92,860,863,60,411,405,66,495,481,86,431,472,135,706,685
SUN,115,1521,1583,113,668,779,138,1162,1602,64,1,6,57,743,768,100,665,762,163,1303,1415,160,3608,3584,109,692,750,57,1174,1190,58,513,488,120,2696,2862
SWF,67,1633,1686,58,479,602,62,772,957,60,622,646,62,515,485,60,963,932,62,1068,1006,62,1167,998,60,1017,1019,63,706,646,58,913,671,62,1109,1047
SYR,458,5829,7056,397,6223,6883,595,6728,7063,464,5088,5577,520,5521,5873,435,3741,3632,567,10291,10323,548,8547,8631,497,5492,5529,474,4826,4406,466,5300,5849,473,8458,10302
TLH,208,3262,3163,228,1497,1434,260,1308,1280,257,1755,1958,205,2107,2009,257,2383,2716,201,4220,4041,199,3284,3192,191,913,806,202,2186,2018,190,973,884,170,2301,2273
TPA,6006,57733,50738,5712,64419,61429,6824,80918,70627,6068,58975,58203,5712,60807,61946,5543,83666,83547,5686,110918,106158,5246,76272,76669,4627,41422,42216,4972,32443,28601,5507,32997,33392,6447,79930,77854
TRI,162,1525,1735,153,2488,2652,169,1839,1687,166,1801,1568,176,1199,1253,202,3545,3628,194,5169,4934,191,3956,3792,188,3350,3132,186,1564,1279,189,1253,1053,185,1718,1691
TTN,168,1532,1689,144,2503,2425,153,2458,2358,166,591,604,185,2131,2405,181,3085,3131,185,4662,5087,186,3546,3893,178,3607,3648,185,1338,1395,180,2114,1699,198,3308,2909
TUL,1199,7747,7898,1147,5884,5501,1219,10149,10929,1185,9324,10038,1144,10015,10743,1087,15032,14665,1158,12785,12831,1197,14311,14716,1163,6517,7099,1150,7234,7148,1150,9029,9213,1375,14735,15694
TUS,1419,12490,13242,1324,10018,10027,1488,18904,18950,1315,13822,12896,1276,12261,12022,1278,16752,16246,1327,18060,18299,1289,16594,16843,1171,9740,10063,1378,11575,11802,1423,12354,12803,1514,22328,21640
TVC,95,1274,1566,145,2566,2796,134,1532,1749,129,1076,1250,139,1334,1274,243,2295,2329,426,6320,5993,352,5682,5227,182,1845,1775,145,538,536,106,2400,2251,129,2372,2443
TWF,122,1468,1746,88,1155,1163,108,768,794,86,35,28,87,365,342,86,108,120,85,145,178,59,114,67,83,53,121,88,315,335,82,381,492,122,3842,4001
TXK,83,664,575,78,831,840,80,986,1124,59,715,871,87,1471,1695,80,2917,2997,83,3094,3290,78,1609,1757,57,350,459,63,158,380,51,386,412,56,758,946
TYS,525,5060,5411,500,6943,7437,573,6018,6683,581,4936,5599,591,5123,5889,649,9861,9883,640,12676,12673,650,10259,10668,605,7401,7524,683,3668,3690,608,6010,5618,612,11582,11729
VLD,84,1851,1797,81,1246,1281,89,472,526,85,593,733,86,1095,1130,86,1578,1575,86,1856,1890,89,1482,1591,85,493,614,88,404,431,83,401,444,86,1157,1296
VPS,360,2819,2998,331,4054,3113,397,4398,4643,388,2796,3083,365,2277,2380,385,6442,6300,417,6739,6571,383,6713,6285,305,2356,2100,286,2273,2054,285,2079,1927,308,2444,2543
WRG,62,199,263,58,282,276,62,274,267,60,166,204,62,238,261,60,226,242,62,295,333,62,947,966,60,156,192,62,1283,1177,58,743,738,60,1121,1052
XNA,367,3258,3542,407,4424,4655,481,6649,6769,499,6116,6279,540,5060,5661,537,8195,8179,514,8998,8909,536,7822,7904,508,8196,8288,525,7937,8220,449,4922,4918,416,9298,9114
YAK,60,323,342,58,5,0,62,331,335,60,315,339,61,176,217,60,147,209,62,214,279,62,714,551,60,158,160,62,219,227,58,149,214,60,69,59
YUM,177,1535,1686,165,988,1021,177,689,845,174,309,448,174,414,495,167,726,784,170,645,674,168,2380,2326,154,807,822,171,1631,2098,145,1709,1742,118,650,638
