Origin,Count,DepDelay,CarrierDelay,WeatherDelay,NASDelay,SecurityDelay,LateAircraftDelay,15minDepDelay,Cancelled,Diverted,Dest,Count2,ArrDelay,15minArrDelay
ABE,2369,10.253430531732418,0.3596104561763198,0.03300871348026653,0.20543311122501282,0.0,0.4019477191184008,0.1418319966230477,0.01561840439003799,0.003799071338117349,ABE,2369,5.305172413793104,0.17602363866610385
ABI,161,9.968354430379748,0.1374255611543747,0.0,0.1456710948236372,0.0,0.7169033440219881,0.18633540372670807,0.018633540372670808,0.006211180124223602,ABI,161,7.3924050632911396,0.20496894409937888
ABQ,18967,8.06218799787573,0.2841772607273512,0.046971768234975064,0.17514099278847484,0.003586391636180493,0.49012358661301836,0.1622818579638319,0.007908472610323193,0.0026888806875098857,ABQ,18968,3.6729583156103787,0.17830029523407845
ABR,743,5.908719346049046,0.5495571488823281,0.008997610009841136,0.11696893012793477,0.00562350625615071,0.3188528047237453,0.0847913862718708,0.012113055181695828,0.0013458950201884253,ABR,743,-1.1945578231292517,0.09286675639300135
ABY,1002,7.714714714714715,0.44774599648245855,0.0,0.06933259279829677,0.0,0.48292141071924466,0.13972055888223553,0.0029940119760479044,0.0,ABY,1003,7.105315947843531,0.1794616151545364
ACK,612,14.898193760262727,0.2876331635016211,0.10903195924038907,0.26252894858730896,0.0070402964335340434,0.33376563223714684,0.20751633986928106,0.006535947712418301,0.0,ACK,612,1.5313531353135315,0.14869281045751634
ACT,1419,7.242556281771968,0.40474911998090807,0.0,0.08841954537318776,0.0,0.5068313346459041,0.1416490486257928,0.030303030303030304,0.0,ACT,1420,5.432197244379985,0.18309859154929578
ACV,1417,12.919177075679647,0.17285439842737793,0.03623285529196265,0.24648170486529955,0.006165393378903632,0.5382656480364563,0.2145377558221595,0.03952011291460833,0.0,ACV,1418,7.350890207715134,0.2150916784203103
ACY,3693,11.71737323358271,0.1381676728013358,0.0065138809886419935,0.626268371896732,0.00831207912071781,0.22073799519257234,0.20064987814784727,0.023287300297860816,0.0018954779312212293,ACY,3693,12.28117224218966,0.24099647982669917
ADK,104,-2.0297029702970297,0.21629213483146068,0.1797752808988764,0.175561797752809,0.2991573033707865,0.12921348314606743,0.20192307692307693,0.028846153846153848,0.0,ADK,104,-5.920792079207921,0.1346153846153846
ADQ,542,-4.260038240917782,0.33346550356859633,0.01704996034892942,0.12093576526566217,0.10943695479777954,0.4191118160190325,0.06642066420664207,0.03505535055350553,0.0,ADQ,542,-4.0,0.05719557195571956
AEX,2860,7.0702875399361025,0.37458343834887564,0.018762776890979865,0.1550029404351844,0.0,0.4516508443249601,0.14195804195804196,0.015034965034965035,0.003146853146853147,AEX,2861,3.0021337126600285,0.15693813351974834
AGS,2641,10.182164634146341,0.41801600595570443,0.008468267262237112,0.11452323345120666,0.0,0.4589924933308518,0.15297235895494132,0.006436955698599016,0.0,AGS,2641,6.387256772224342,0.1707686482393033
AKN,63,-3.015873015873016,0.1869747899159664,0.0,0.12394957983193278,0.39915966386554624,0.28991596638655465,0.19047619047619047,0.0,0.0,AKN,63,-1.6666666666666667,0.07936507936507936
ALB,9349,6.434477547495682,0.3315678101955755,0.042128887463930745,0.2597499198461045,5.129849310676499e-05,0.3665020840012825,0.13306235961065355,0.009626698042571397,0.002460156166434913,ALB,9345,3.1404039313100767,0.1637239165329053
AMA,3075,2.959921156373193,0.2895193977996526,0.06490059834008878,0.2713279289712411,0.0,0.37425207488901757,0.09365853658536585,0.010731707317073172,0.004878048780487805,AMA,3072,2.121202113606341,0.15885416666666666
ANC,17254,0.1965762198672412,0.45434199790185337,0.03168201422077165,0.20488401911644713,0.0006760694719664297,0.3084158992889614,0.07308450214443028,0.00573779993045091,0.002318303002202388,ANC,17251,-5.395604395604396,0.10921106022839255
APN,642,13.361022364217252,0.33767219872003473,0.08493328994467947,0.05325957262175941,0.0014101312506779478,0.5227248074628484,0.13395638629283488,0.024922118380062305,0.00778816199376947,APN,642,5.088424437299035,0.1557632398753894
ASE,4608,11.818285714285715,0.23565230842790647,0.058164226750481655,0.2461151190425966,0.0006609571221645643,0.45940738865685077,0.2013888888888889,0.05164930555555555,0.004991319444444444,ASE,4609,7.632141198327915,0.20503362985463225
ATL,384375,8.667100994243851,0.43812400302648347,0.059189655228097555,0.19583004128384204,0.0005258471026881621,0.30633045335888875,0.16107967479674798,0.005843252032520325,0.0021489430894308945,ATL,384252,0.011079162359706794,0.12910017384424805
ATW,3380,3.8394204648354964,0.32369642103896945,0.050747915247087834,0.2744086440183004,0.0,0.3511470196956423,0.10177514792899409,0.020118343195266272,0.0014792899408284023,ATW,3382,1.0329006942348324,0.14872856298048492
AUS,46266,8.350657550949313,0.29923816178739315,0.04262709403415794,0.21564241247254842,0.0009664773036644463,0.4415258544022361,0.15629187740457356,0.007564950503609562,0.0019452729866424588,AUS,46265,3.8953234742398464,0.17903382686696206
AVL,3396,11.920454545454545,0.3427790915762864,0.01985647883878333,0.2364429584930278,0.001977493272445568,0.3989439778194569,0.1684334511189635,0.016195524146054182,0.0032391048292108363,AVL,3395,6.075975975975976,0.17054491899852725
AVP,1668,7.043451652386781,0.4028523398947996,0.03915188981074779,0.32031885472588256,5.422699419771162e-05,0.23762268857437233,0.11031175059952038,0.02038369304556355,0.004196642685851319,AVP,1668,3.5279655808236017,0.14928057553956833
AZO,2078,4.9122893954410305,0.2975152655631937,0.08011060332578056,0.30773071162487037,0.0,0.3146434194861554,0.10731472569778633,0.02935514918190568,0.0014436958614051972,AZO,2078,1.9159622078567877,0.1381135707410972
BDL,20317,6.361413448635754,0.3446857443619346,0.04238131743652528,0.23924162156595763,0.0010183415906724488,0.37267297504491,0.13683122508244328,0.009893192892651474,0.0026578727174287544,BDL,20322,4.119743513271697,0.17759078830823738
BET,978,-7.866388308977036,0.09523809523809523,0.05952380952380952,0.17431972789115646,0.025935374149659865,0.6449829931972789,0.044989775051124746,0.02147239263803681,0.0,BET,978,-4.964509394572025,0.05623721881390593
BFL,2603,4.5909972836631745,0.3813142944879472,0.006794104099493321,0.19541685859051128,0.0005373867649316751,0.4159373560571165,0.10679984633115636,0.009988474836726853,0.001920860545524395,BFL,2604,5.109423676012461,0.16781874039938557
BGM,877,8.712485681557846,0.5059681697612732,0.038461538461538464,0.09217506631299735,0.0004973474801061008,0.3628978779840849,0.1322690992018244,0.005701254275940707,0.0,BGM,877,7.746559633027523,0.1619156214367161
BGR,609,10.073455759599332,0.3954114479690975,0.0176752897108744,0.24874165983846425,0.0,0.33817160248156386,0.16584564860426929,0.019704433497536946,0.0049261083743842365,BGR,606,6.706867671691792,0.19471947194719472
BHM,12300,7.708761826408885,0.3423370185244462,0.022677467805874967,0.23030392567240374,0.0004842456028037,0.4041973423944714,0.14040650406504065,0.012113821138211382,0.0027642276422764228,BHM,12302,3.070133509147849,0.15802308567712567
BIL,3412,0.7372003551346552,0.3667725173210162,0.04662240184757506,0.2084295612009238,0.0,0.378175519630485,0.0668229777256741,0.00996483001172333,0.0020515826494724504,BIL,3410,-0.7763274992583803,0.1281524926686217
BIS,2380,6.358029978586724,0.4853944057474199,0.06498668903395208,0.13362021808103278,0.0,0.31599868713759527,0.10672268907563025,0.018907563025210083,0.0029411764705882353,BIS,2377,2.6262323189027006,0.1480858224652924
BJI,730,7.18732782369146,0.3995639138729899,0.006677568819841918,0.10043608612701009,0.0028618152085036794,0.4904606159716544,0.09315068493150686,0.005479452054794521,0.0,BJI,730,2.484806629834254,0.11232876712328767
BLI,606,1.5206611570247934,0.39409282700421944,0.17341772151898735,0.15886075949367087,0.0,0.27362869198312234,0.08085808580858085,0.0016501650165016502,0.01485148514851485,BLI,605,-6.063545150501672,0.12231404958677686
BMI,1517,5.958195089581951,0.42777743083744457,0.01392618497470805,0.17310934865421845,0.0,0.38518703553362893,0.11799604482531312,0.0065919578114700065,0.004614370468029005,BMI,1517,3.6753160345974716,0.16018457481872117
BNA,51667,8.962619383121966,0.2759397359573031,0.04946925466016798,0.18956612262159686,0.0006640296842318784,0.48436085707670024,0.16859891226508217,0.011264443455203514,0.002148373236301701,BNA,51676,3.3725924763660613,0.16444771267125938
BOI,14706,6.623331279523516,0.37550247477371546,0.016769668298285433,0.2572260657934316,0.00010938226366594657,0.35039240887090156,0.13259893920848634,0.0070039439684482525,0.002243982048143615,BOI,14709,3.4109073491172848,0.16874022707186076
BOS,121260,9.192438973503025,0.30263226056384024,0.037890407688444136,0.31811005178032886,0.002129923053995839,0.3392373569133909,0.1760349661883556,0.012394854032657101,0.0030430479960415636,BOS,121253,5.600596960018728,0.20621345451246567
BPT,545,17.26078799249531,0.4776545698924731,0.0,0.1508736559139785,0.0,0.3714717741935484,0.1908256880733945,0.022018348623853212,0.007339449541284404,BPT,548,14.445714285714285,0.1989051094890511
BQK,1032,9.353982300884956,0.4267710371819961,0.0,0.10966731898238748,0.0,0.46356164383561643,0.12790697674418605,0.014534883720930232,0.0009689922480620155,BQK,1032,6.6328740157480315,0.17344961240310078
BQN,1872,9.981430912069907,0.0952550046606596,0.010342225575924364,0.13742287718052287,0.001242842558480181,0.7557370500244129,0.2329059829059829,0.0219017094017094,0.002670940170940171,BQN,1872,10.554039301310043,0.2702991452991453
BRD,640,5.88375796178344,0.46544387380777696,0.1574468085106383,0.16170212765957448,0.0010271460014673515,0.21438004402054292,0.0765625,0.01875,0.0,BRD,640,-4.22488038277512,0.078125
BRO,2043,4.058529264632316,0.2831013916500994,0.08389662027833002,0.2157554671968191,0.0,0.4172465208747515,0.09887420460107685,0.022026431718061675,0.0053842388644150755,BRO,2045,-0.062186559679037114,0.12616136919315404
BRW,940,-4.891921397379913,0.13425811245974734,0.033192965073074066,0.06712905622987367,0.02378003467921724,0.7416398315580877,0.07659574468085106,0.026595744680851064,0.005319148936170213,BRW,940,-5.629955947136564,0.07127659574468086
BTM,677,3.1982116244411327,0.6660863509749304,0.07137883008356546,0.052750696378830085,0.0,0.2097841225626741,0.06499261447562776,0.008862629246676515,0.0029542097488921715,BTM,678,-1.8411497730711044,0.05752212389380531
BTR,6901,11.707245093699276,0.5752956462789997,0.025440644772521843,0.13723071708345888,0.0,0.2620329918650196,0.167511954789161,0.018548036516446893,0.003043037240979568,BTR,6900,6.627827887032382,0.1798550724637681
BTV,4046,10.386765837394204,0.31091724221495215,0.02146405636045767,0.39315573557667344,0.0,0.2744629658479168,0.17350469599604548,0.03732081067721206,0.001977261492832427,BTV,4044,5.4341401273885355,0.19856577645895154
BUF,18021,7.144358438329849,0.29079442441883424,0.0486537713018903,0.2573319117970588,0.0012353827147958234,0.4019845097674209,0.13406581210809612,0.018145496920259695,0.0017202153043671272,BUF,18023,3.9606379368849676,0.1690617544249015
BUR,22525,6.91327106177519,0.16533321256767908,0.03270233278988789,0.23414950787995895,0.0,0.5678149467624741,0.1602663706992231,0.016248612652608213,0.0021753607103218646,BUR,22528,3.957309360318034,0.1639737215909091
BWI,96218,8.961723853618317,0.3478538064773205,0.06232262634759701,0.22624244570871982,0.0025501959134881457,0.3610309255528745,0.17731609470161508,0.01710698621879482,0.001974682491841443,BWI,96211,1.90674634709728,0.1483510201536207
BZN,4251,4.930601610611085,0.3187162961988689,0.018571616467184006,0.2642378008680784,0.0,0.39847428646586874,0.12185368148670901,0.007292401787814632,0.0028228652081863093,BZN,4251,-0.23113431419079258,0.13996706657257116
CAE,4434,11.029922338967564,0.4479744774184972,0.00982021202352863,0.2039978731182081,0.0,0.33820743743976606,0.15020297699594046,0.012629679747406405,0.0033829499323410014,CAE,4433,8.067858780375975,0.18745770358673586
CAK,5318,8.007074569789674,0.3110801251530404,0.026680043531492312,0.3729084478302272,0.0,0.2893313834852401,0.13651748777735992,0.016735614892816848,0.0022564874012786762,CAK,5316,3.5546605293440736,0.1636568848758465
CDC,626,0.1856,0.3007617546624639,0.021013921723141583,0.15918045705279749,0.0,0.5190438665615971,0.08146964856230032,0.001597444089456869,0.0,CDC,626,5.165064102564102,0.134185303514377
CDV,724,-9.062586926286508,0.29523809523809524,0.047619047619047616,0.12016806722689076,0.042296918767507005,0.4946778711484594,0.09116022099447514,0.006906077348066298,0.012430939226519336,CDV,725,-6.545710267229254,0.0703448275862069
CHA,4593,12.123519087319,0.42607428987618357,0.009988554780980126,0.15937095887153113,0.0,0.4045661964713052,0.15109949923797084,0.007838014369693011,0.0028303940779446984,CHA,4593,8.444078224566029,0.1839756150664054
CHO,2404,13.586440677966102,0.4852261207131024,0.02262443438914027,0.1704621318893257,0.0004203446826397646,0.3212669683257919,0.16555740432612312,0.018718801996672214,0.004575707154742097,CHO,2404,10.627501064282674,0.21214642262895175
CHS,14677,8.960706585993462,0.2804311672312904,0.017684016014782877,0.3025377271327379,0.0004496458269171543,0.3988974437942716,0.15595830210533487,0.02078081351774886,0.003202289296177693,CHS,14675,1.8742586002372479,0.15495741056218057
CID,4456,7.262116040955632,0.28938944639736064,0.05755974941576167,0.23226173877182302,0.0,0.4207890654150547,0.13016157989228008,0.013689407540394972,0.0026929982046678637,CID,4458,3.832306639288159,0.15477792732166892
CIU,686,15.395588235294118,0.3684580877825666,0.2627319905004838,0.054270384378573316,0.0,0.3145395373383763,0.12973760932944606,0.008746355685131196,0.0029154518950437317,CIU,686,1.175334323922734,0.12099125364431487
CLE,34111,8.812513003418042,0.32016279819894,0.0231478689117853,0.32238921042349034,0.00032517681489309814,0.3339749456508912,0.15619594852100496,0.014218287355984873,0.002345284512327402,CLE,34109,3.9676967964749315,0.1740303145797297
CLL,1134,1.2199281867145422,0.21662332032943216,0.0,0.28023407022106633,0.0,0.5031426094495015,0.10670194003527336,0.01763668430335097,0.0008818342151675485,CLL,1134,-0.572841726618705,0.13315696649029982
CLT,110676,7.996776108498105,0.33764248196206814,0.06953756039156046,0.2708329039121095,0.0036349199663393505,0.31835213376792254,0.15975459900972208,0.01128519281506379,0.0015540857999927717,CLT,110687,0.865621962625392,0.14164264999503104
CMH,23142,6.468066491688539,0.27034176687758604,0.042374441612806325,0.27476041434510023,0.0002858554830957664,0.41223752168141164,0.13555440324950307,0.01244490536686544,0.002851957479906663,CMH,23139,2.7211866631661854,0.161415791520809
CMX,736,16.507204610951007,0.3498452012383901,0.054314174182258715,0.2901467223044824,0.0043074438013191545,0.3013864584735496,0.13994565217391305,0.058423913043478264,0.002717391304347826,CMX,741,7.451754385964913,0.1767881241565452
COD,921,4.7839912280701755,0.5138641833211258,0.08653343099298944,0.08590561891807053,0.001674165533117087,0.3120226012346971,0.10532030401737243,0.009771986970684038,0.002171552660152009,COD,923,-7.012154696132597,0.06392199349945829
COS,8289,9.182751038358173,0.45230838483396324,0.05978449448107059,0.21510226665291232,1.8755919837198617e-05,0.27278609811221666,0.14887199903486548,0.012908674146459163,0.0027747617324164553,COS,8294,7.96937025238912,0.20207378828068484
CPR,1475,1.0390143737166324,0.2593424885559717,0.20549313358302124,0.1978360382854765,8.322929671244278e-05,0.33724511027881815,0.06847457627118644,0.009491525423728813,0.002711864406779661,CPR,1474,-3.4097460535346604,0.09023066485753053
CRP,2969,2.2622557422008915,0.20933905918357273,0.09097191371736019,0.242065254948418,0.0,0.4576237721506491,0.10609632873021219,0.018524755810037048,0.0020208824520040417,CRP,2965,1.775867995874871,0.14165261382799327
CRW,2552,12.024819855884708,0.29835054806070826,0.047928962900505905,0.22178014333895446,0.0,0.43194034569983136,0.17907523510971787,0.021551724137931036,0.00274294670846395,CRW,2552,5.213882163034706,0.1688871473354232
CSG,1235,6.872756933115824,0.2964623410498859,0.0,0.10384740789044669,0.0,0.5996902510596674,0.15465587044534412,0.0072874493927125505,0.0,CSG,1235,6.453431372549019,0.1805668016194332
CVG,15534,8.592691505992704,0.3142515049355264,0.028421348841572085,0.28860000993174684,0.00010483510541445731,0.36862230118574024,0.13879232650959186,0.01203810995236256,0.002059997425003219,CVG,15529,3.572285230087342,0.15454955245025437
CWA,806,4.6219667943805876,0.2670217693376563,0.005905511811023622,0.34205650764242707,0.0,0.385016211208893,0.11662531017369727,0.02977667493796526,0.0012406947890818859,CWA,805,1.6346153846153846,0.14906832298136646
DAB,1979,9.0927624872579,0.4132932166301969,0.08529358132749817,0.15540663749088257,0.0,0.3460065645514223,0.1298635674583123,0.008590197069226882,0.0015159171298635675,DAB,1979,2.066905005107252,0.13592723597776654
DAL,68963,10.391578793204452,0.28842958729314816,0.059974579650428655,0.19864009437097097,0.0072356615936731575,0.4457200770917791,0.2059800182706669,0.010193872076330787,0.002320084683090933,DAL,68962,4.123129271741692,0.1699631681215742
DAY,6498,7.6138147566719,0.3167666784327568,0.05711260148252736,0.3105118249205789,0.0,0.315608895164137,0.12773160972606956,0.02016004924592182,0.0012311480455524776,DAY,6495,2.8341985213150855,0.16058506543494996
DCA,77802,7.751756563308511,0.23770913458481735,0.0571282915613263,0.3012821179742744,0.0006866631293111521,0.4031937927502708,0.15173131796097786,0.02230019793835634,0.002403537184134084,DCA,77797,4.743179333148902,0.18609972106893582
DEN,226136,9.221672470432168,0.3005692296734031,0.05273334082809058,0.233502594702122,0.00041149649991976034,0.4127833382964646,0.18117858279973115,0.014026957229277957,0.0024144762443839107,DEN,226225,1.0970281963434345,0.1531263122997016
DFW,196049,11.000902638800058,0.3497791440175337,0.05522574952729689,0.20376697166759,0.0005865201450275864,0.3906416146425518,0.19498186677820342,0.011675652515442569,0.002361654484338099,DFW,196031,5.683691305452829,0.17719646382459917
DHN,1377,11.75985401459854,0.4477746538645165,0.0,0.05644262903824731,0.0,0.4957827170972362,0.17501815541031226,0.005083514887436456,0.0014524328249818446,DHN,1377,7.960439560439561,0.20334059549745825
DLG,84,-3.3855421686746987,0.5426944971537002,0.026565464895635674,0.08159392789373814,0.06261859582542695,0.286527514231499,0.10714285714285714,0.011904761904761904,0.0,DLG,84,-3.380952380952381,0.07142857142857142
DLH,2478,10.021576763485477,0.2510017495343981,0.09252779502229246,0.22334781872566173,0.00033861956092330267,0.43278401715672443,0.13196125907990314,0.02824858757062147,0.0012106537530266344,DLH,2479,3.9896179401993357,0.1553045582896329
DRO,1962,4.704392764857881,0.3696104010967143,0.02233228673771724,0.2713041171007827,0.0,0.33675319506478574,0.1325178389398573,0.013761467889908258,0.0061162079510703364,DRO,1962,2.8146417445482865,0.12996941896024464
DSM,7787,7.5116913484021826,0.3755202284165699,0.039839818041037554,0.23750241966705382,0.006303232675183895,0.34083430120015484,0.13740850134840119,0.012328239373314499,0.002953640683189932,DSM,7788,2.8332466857291396,0.16846430405752438
DTW,123959,8.762334971767478,0.4119739919326134,0.0430120741036591,0.26472357998334967,0.0007171176814843511,0.27957323629889347,0.1480812204035205,0.007558950943457111,0.0021216692616106937,DTW,124127,1.1109666409329162,0.13709346072973647
DVL,599,7.526223776223776,0.3008455718736093,0.2464026108885922,0.10873757602729565,0.0,0.3440142412105029,0.10851419031719532,0.045075125208681135,0.01335559265442404,DVL,601,-3.0899470899470898,0.12312811980033278
EAU,683,7.717522658610272,0.4363323500491642,0.08972468043264503,0.24963126843657818,0.0,0.22431170108161258,0.09663250366032211,0.032210834553440704,0.0014641288433382138,EAU,683,-0.9650986342943855,0.14348462664714495
ECP,4509,4.856983240223464,0.30476840449838283,0.045517937153200204,0.18940090798492626,0.0,0.4603127503634907,0.11133288977600354,0.007762253271235307,0.002439565313816811,ECP,4512,1.396868008948546,0.13874113475177305
EGE,1723,9.833530805687204,0.3397308811743367,0.07031678407221496,0.16180874847091575,0.0,0.4281435862825326,0.1625072547881602,0.021474172954149738,0.003482298316889147,EGE,1722,10.73744019138756,0.1957026713124274
EKO,639,-0.4315286624203822,0.3225348782218018,0.05414991723811776,0.15606526365571058,0.004965712934499882,0.46228422794986995,0.051643192488262914,0.017214397496087636,0.001564945226917058,EKO,640,-1.1517571884984026,0.0671875
ELM,1840,4.428806133625411,0.4584486643064049,0.01326037978757644,0.13427743804312842,0.0,0.39401351786289024,0.11467391304347826,0.008152173913043478,0.0005434782608695652,ELM,1839,1.6485447556287753,0.1473626971179989
ELP,11347,7.513089005235602,0.29495908253201303,0.04400179521213105,0.17299924562894492,0.0023108581686926465,0.48572901845821836,0.15854410857495374,0.007226579712699392,0.0027319996474839165,ELP,11349,5.899626931959496,0.19772667195347607
ERI,747,9.915277777777778,0.24525230602278894,0.09242177608970881,0.38958220293000545,0.0,0.27274371495749683,0.12985274431057564,0.03614457831325301,0.0013386880856760374,ERI,748,4.607293127629734,0.1537433155080214
ESC,627,10.51294498381877,0.24392136575271597,0.036989136057941026,0.04953440248318676,0.0,0.6695550957061562,0.1371610845295056,0.014354066985645933,0.001594896331738437,ESC,626,3.280327868852459,0.14536741214057508
EUG,3538,10.97737686139748,0.24930537546771386,0.022802207979846625,0.38128403660208204,0.00012966324602674766,0.3464787167043307,0.17297908422837763,0.013001695873374788,0.0014132278123233466,EUG,3536,3.8094964028776976,0.17024886877828055
EVV,2740,9.323922734026747,0.33696439660525773,0.012885530945973918,0.2689660525771062,0.0,0.38118401987166217,0.14197080291970804,0.018613138686131386,0.0025547445255474453,EVV,2741,4.9085161770174786,0.1594308646479387
EWN,702,8.721030042918455,0.549501733102253,0.0,0.10506932409012132,0.0,0.34542894280762565,0.12962962962962962,0.004273504273504274,0.0,EWN,701,8.804034582132564,0.19828815977175462
EWR,115783,13.774753636790239,0.3319276040165806,0.04513357815066857,0.20859163532561445,0.00033065117963040956,0.414016531327506,0.21922907508010675,0.025262776055206722,0.0028328856567889932,EWR,115945,8.565075160232192,0.22482211393333046
EYW,1749,8.322821100917432,0.3964021501942626,0.17531534408430466,0.09638618340518389,0.0,0.3318963223162489,0.10806174957118353,0.002858776443682104,0.002858776443682104,EYW,1749,2.3726169844020797,0.11892510005717553
FAI,2483,0.1053484602917342,0.4459014188689395,0.024073700490888306,0.14659404209535337,0.006321027503194136,0.37710981104162467,0.09544905356423682,0.00684655658477648,0.0016109544905356424,FAI,2484,-4.170186839967506,0.10909822866344605
FAR,3976,7.803287108371854,0.3456154796212433,0.10769864141622067,0.27165500205846027,0.0,0.27503087690407574,0.11971830985915492,0.02112676056338028,0.002766599597585513,FAR,3980,5.241583140580827,0.16030150753768843
FAT,8315,8.74678787878788,0.4203992906584291,0.017380775317964267,0.2448372518734626,0.0014968632610643938,0.3158858188890796,0.15117257967528563,0.008177991581479254,0.0026458208057727,FAT,8316,4.900993698497334,0.16438191438191438
FAY,1701,8.930232558139535,0.3972810516263131,0.0,0.09488230998258525,0.0,0.5078366383911016,0.14814814814814814,0.014109347442680775,0.0005878894767783657,FAY,1701,2.9151225343693965,0.1440329218106996
FCA,2371,2.1791932059447983,0.31798459702787724,0.11199696279422931,0.2003471092309361,0.0015186028853454822,0.36815272806161187,0.08435259384226065,0.006748207507380852,0.005061155630535639,FCA,2371,-0.3541932737335036,0.12146773513285533
FLG,1846,3.025895316804408,0.3629877693651718,0.07913511939429237,0.16125509609784508,0.0,0.39662201514269074,0.10725893824485373,0.01733477789815818,0.0,FLG,1846,-1.4817477876106195,0.10455037919826653
FLL,83307,11.728973097710572,0.285565612490769,0.042265315157525615,0.3221837218136496,0.004129577032601291,0.3458557735054545,0.21191496512898075,0.011991789405452122,0.00264083450370317,FLL,83289,5.28423797801555,0.20580148639075987
FNT,3876,3.1378768020969856,0.32358995471387403,0.07399229013061866,0.2543882630337962,0.0,0.34802949212171114,0.09107327141382869,0.015995872033023734,0.0015479876160990713,FNT,3878,0.2555818229577095,0.13047962867457452
FSD,4230,7.222034715525554,0.29353891046747765,0.10688302214160374,0.26816380449141347,0.0004929119264969735,0.3309213509730081,0.12364066193853428,0.02033096926713948,0.0018912529550827422,FSD,4230,5.131838997348758,0.1690307328605201
FSM,1154,6.075718015665796,0.5060821666284141,0.0,0.08752199525667509,0.0,0.40639583811491087,0.11525129982668977,0.005199306759098787,0.0008665511265164644,FSM,1154,4.454308093994778,0.17850953206239167
FWA,4186,9.911984567156981,0.4730701193119801,0.027663818736121042,0.18404907975460122,0.0,0.3152169821972976,0.13927376970855232,0.009316770186335404,0.0019111323459149545,FWA,4188,8.706166868198308,0.18242597898758356
GCC,1040,0.09099804305283757,0.4309777102330294,0.0056990881458966565,0.20808004052684903,0.0,0.35524316109422494,0.058653846153846154,0.01826923076923077,0.0028846153846153848,GCC,1040,-6.004916420845625,0.08269230769230769
GCK,427,20.833333333333332,0.652919740467514,0.0,0.06648297929072972,0.0,0.2805972802417563,0.14285714285714285,0.01639344262295082,0.00702576112412178,GCK,427,10.126794258373206,0.17096018735362997
GEG,10042,3.656218706188664,0.3794259617885944,0.0399745642685782,0.1637569731479608,0.0004913720842847646,0.41635112871058183,0.11192989444333798,0.005676160127464649,0.0016928898625771759,GEG,10043,2.0948853968571712,0.15294234790401273
GFK,1555,4.788686605981795,0.3756121753146116,0.07284111338416713,0.10222552848552477,0.0,0.4493211828156965,0.09903536977491961,0.01157556270096463,0.0012861736334405145,GFK,1556,2.4547231270358307,0.13046272493573266
GGG,382,14.046321525885558,0.22918418839360807,0.0,0.11718530978413233,0.0,0.6536305018222596,0.20418848167539266,0.03926701570680628,0.0,GGG,382,14.792915531335149,0.21465968586387435
GJT,2920,-0.45727084769124743,0.34600894749234756,0.03137508829762185,0.3005651047798446,0.0,0.322050859430186,0.06472602739726027,0.0061643835616438354,0.002054794520547945,GJT,2919,-2.436118784530387,0.08804385063377869
GNV,2287,9.919276576973974,0.4642183552186755,0.00615636454218711,0.09561937297605068,0.0,0.43400590726308674,0.15828596414516835,0.00874508089199825,0.0021862702229995625,GNV,2288,5.380910296067167,0.16826923076923078
GPT,3149,6.470890961724027,0.4141208624354692,0.026055268751897967,0.18220467658669906,0.0,0.3776191922259338,0.11432200698634487,0.012702445220704985,0.0025404890441409972,GPT,3149,3.0313712807244504,0.13337567481740234
GRB,3739,4.7979880369766175,0.28419060725959056,0.03340214461838408,0.2486954527209129,0.00045874190033832216,0.43325305350077414,0.10617812249264509,0.01684942497994116,0.0021396095212623694,GRB,3727,5.390603660202131,0.16367051247652267
GRI,320,10.337579617834395,0.5524374887569706,0.0,0.1757510343586976,0.0,0.2718114768843317,0.1375,0.021875,0.003125,GRI,321,7.031847133757962,0.1557632398753894
GRK,1930,3.368393511250654,0.38192546583850934,0.006583850931677019,0.22366459627329194,0.0,0.38782608695652177,0.09481865284974093,0.010880829015544042,0.002072538860103627,GRK,1930,4.715183246073298,0.15284974093264247
GRR,9215,6.184997242140099,0.30692953055952865,0.038351514633990134,0.27447003821275323,0.0,0.380248916593728,0.12425393380358112,0.016494845360824743,0.0019533369506239827,GRR,9218,2.3626725565985645,0.152961596875678
GSO,6092,8.788364249578414,0.3090841696297415,0.024354415782320397,0.2867615765846158,0.0,0.3797998380033223,0.14822718319107026,0.027084701247537753,0.002298095863427446,GSO,6086,4.3080289513549905,0.16332566546171542
GSP,7157,8.875159960187686,0.3578902440601679,0.015714525912800547,0.28573276252311913,0.00023280779130074885,0.34042965971261174,0.14237809137906945,0.017744865166969402,0.0029341903031996647,GSP,7159,4.649430199430199,0.17013549378404805
GST,84,-0.39759036144578314,0.29891304347826086,0.0,0.04528985507246377,0.3804347826086957,0.2753623188405797,0.17857142857142858,0.011904761904761904,0.0,GST,84,-7.682926829268292,0.08333333333333333
GTF,1829,3.2096597145993413,0.5680360226992351,0.03997039230199852,0.13335800641500123,0.0006785097458672588,0.2579570688378979,0.07162383816293057,0.0038272279934390375,0.002733734281027884,GTF,1829,-1.5689084895259096,0.11098961180973209
GTR,1013,9.306163021868787,0.43450015285845306,0.0,0.07665851421583614,0.0,0.4888413329257108,0.14116485686080948,0.006910167818361303,0.0009871668311944718,GTR,1014,8.433399602385686,0.20019723865877712
GUC,242,15.420168067226891,0.411008013496415,0.0,0.07654997891185154,0.0,0.5124420075917334,0.17355371900826447,0.02066115702479339,0.0,GUC,242,9.110169491525424,0.21074380165289255
GUM,367,7.956284153005464,0.5366161616161617,0.02335858585858586,0.12184343434343434,0.0,0.3181818181818182,0.14713896457765668,0.0027247956403269754,0.0,GUM,367,0.7131147540983607,0.19346049046321526
HDN,1025,5.453546453546454,0.26643829893892557,0.052719525440721865,0.28172779680842175,0.0006683933494861726,0.39844598546244464,0.15317073170731707,0.026341463414634145,0.0,HDN,1026,3.4875124875124874,0.17738791423001948
HIB,991,8.449740932642488,0.26237132580925215,0.055748480714374306,0.11608582413493737,0.0,0.5657943693414362,0.12209889001009082,0.027245206861755803,0.0010090817356205853,HIB,991,0.13403141361256546,0.11604439959636731
HLN,1677,-0.5198079231692677,0.5494609164420485,0.028032345013477088,0.16671159029649596,0.0,0.25579514824797844,0.04531902206320811,0.007155635062611807,0.0017889087656529517,HLN,1678,-2.5380467345715996,0.10786650774731824
HNL,47293,1.7214924361201747,0.5493231029197941,0.01250147365111801,0.0802992494203639,0.0010757653161472865,0.35680040869257673,0.07848941703846235,0.00238935994756095,0.001141818028037976,HNL,47295,2.02258495892679,0.13026747013426365
HOB,621,4.115702479338843,0.36174026397262504,0.05214274075281082,0.5041551246537396,0.0,0.08196187062082451,0.10144927536231885,0.02576489533011272,0.00644122383252818,HOB,623,-5.217028380634391,0.11075441412520064
HOU,54202,9.584389642877145,0.34256263943294524,0.055618117996856155,0.16380354661203383,0.0017269818133890517,0.4362887141447757,0.1916718940260507,0.01202907641784436,0.0024353344895022325,HOU,54208,3.6804098560624543,0.1787190082644628
HPN,7128,12.53623395149786,0.408521581469353,0.02022164252280254,0.22756285730143752,0.0038389669016299422,0.339854951804777,0.20202020202020202,0.017255892255892257,0.0030864197530864196,HPN,7129,10.68271995399655,0.23972506662926077
HRL,2975,4.324737020699016,0.199140202468451,0.02898349743447511,0.19987981324827808,0.0,0.5719964868487958,0.1250420168067227,0.009411764705882352,0.0030252100840336134,HRL,2975,2.5542701599183397,0.15428571428571428
HSV,4069,5.207495656490444,0.3607556368068251,0.028762949421084705,0.2426873857404022,0.0,0.367794028031688,0.10911771934136151,0.009830425165888425,0.001228803145736053,HSV,4069,2.537925889082318,0.14008355861391006
HYA,121,10.809917355371901,0.19797979797979798,0.0,0.5259259259259259,0.0,0.2760942760942761,0.2066115702479339,0.008264462809917356,0.0,HYA,121,1.0330578512396693,0.09917355371900827
HYS,626,3.099009900990099,0.1345213137665968,0.037037037037037035,0.25593990216631723,0.0,0.572501747030049,0.11022364217252396,0.03354632587859425,0.003194888178913738,HYS,626,-3.459234608985025,0.10702875399361023
IAD,34440,9.192965919467436,0.29603988694464733,0.08390760794774894,0.28507838716165435,0.0008786136957879471,0.33409550425016143,0.14921602787456445,0.015098722415795587,0.0021486643437862952,IAD,34430,-0.10953927938570585,0.14426372349695032
IAG,398,7.274869109947644,0.1855721393034826,0.005472636815920398,0.44850746268656716,0.0037313432835820895,0.3567164179104478,0.21608040201005024,0.04020100502512563,0.005025125628140704,IAG,398,2.3558441558441556,0.1708542713567839
IAH,137092,8.701058923366418,0.3081413433198351,0.07223054027893082,0.2538103748926004,0.0006221020232816969,0.36519563948535194,0.16328450967233682,0.012043007615324015,0.0025603244536515626,IAH,137092,0.5966835238116456,0.14521635106351938
ICT,7863,6.276869609988416,0.38392711891979825,0.03490132772709639,0.2479508453154134,0.00021273666954486868,0.3330079713681471,0.12056466997329264,0.012209080503624571,0.0033066259697316545,ICT,7863,2.07952055677278,0.15312221798295816
IDA,2483,2.399918467183041,0.30466782878171605,0.0884175866744141,0.18254890567499515,0.0,0.42436567886887466,0.07933950865888038,0.012082158679017317,0.0024164317358034634,IDA,2483,-0.563011456628478,0.10149013290374546
ILM,2582,7.71221613155834,0.5768572627772576,0.005553223775546443,0.09611597197559164,0.0,0.3214735414716043,0.11192873741285825,0.011618900077459334,0.0011618900077459333,ILM,2582,5.050039401103231,0.156855151045701
IMT,677,7.329323308270677,0.252744119743407,0.13414112615823237,0.07312900926585887,0.0,0.5399857448325018,0.10782865583456426,0.01772525849335303,0.013293943870014771,IMT,677,-4.693474962063733,0.12112259970457903
IND,26844,7.531414597441685,0.29847206866510134,0.058573956799118636,0.2511183082194189,0.000140643129778448,0.39169502318658267,0.14710922366264342,0.01024437490686932,0.0030919386082551036,IND,26834,3.5767287534876706,0.17481553253335322
INL,628,11.739482200647249,0.48755966284147456,0.11698994617650045,0.15304153549304356,0.0,0.24240885548898142,0.11146496815286625,0.01592356687898089,0.020700636942675158,INL,628,-0.3782467532467532,0.12738853503184713
ISN,1644,4.107341147439852,0.6061348993671247,0.08449740578140146,0.12520668225098353,0.0,0.18416101260049034,0.09549878345498783,0.014598540145985401,0.005474452554744526,ISN,1641,-3.0903465346534653,0.1157830591102986
ISP,4706,6.573376623376624,0.3930974543007738,0.09193114276101828,0.15251766289110688,0.0,0.36245374004710107,0.1345091372715682,0.01827454313642159,0.0027624309392265192,ISP,4708,4.780958577315116,0.17693288020390824
ITH,903,11.125279642058166,0.4706798131811105,0.023278226703239677,0.11609459559641189,0.0,0.3899473645192379,0.13732004429678848,0.009966777408637873,0.0022148394241417496,ITH,905,5.239595050618672,0.13591160220994475
ITO,5974,-0.9901089689857502,0.2972340193836437,0.048840248284874224,0.03223347489927039,0.0007078296852880323,0.6209844277469236,0.06863073317710076,0.0016739203213927017,0.0008369601606963508,ITO,6140,-0.4226753670473083,0.0745928338762215
JAC,3931,10.701925545571244,0.31573104453870626,0.043594247083775184,0.254722295864263,0.0007456256627783669,0.3852067868504772,0.17069447977613839,0.009157975069956754,0.0043245993385906895,JAC,3929,6.186094598087361,0.1852888775769916
JAN,5201,5.97216815881666,0.3589782203565311,0.04254277808105717,0.22182482164034412,0.0,0.3766541799220677,0.11997692751393962,0.012305325898865602,0.0017304364545279755,JAN,5201,1.931672182207514,0.14228033070563353
JAX,18652,7.2287271736167895,0.29181126534970636,0.03137235273180281,0.2674463872575191,8.342231713828083e-05,0.4092865723438334,0.14041389663306883,0.016781042247480164,0.0027879047823289728,JAX,18654,3.8892160069785193,0.17202744719631177
JFK,97751,13.13419456348467,0.363849907145522,0.07790327432749111,0.25988346120364136,0.005305176159499885,0.2930581811638456,0.21105666438195006,0.012368159916522592,0.0031713230555186138,JFK,97726,7.178825095412901,0.21619630395186543
JLN,436,7.023419203747072,0.452789276562192,0.0,0.123792627636507,0.0,0.423418095801301,0.12155963302752294,0.022935779816513763,0.006880733944954129,JLN,434,5.583529411764706,0.1728110599078341
JMS,939,3.397752808988764,0.3776875519055089,0.015594721786472272,0.09532158346405832,0.0,0.5113961428439605,0.10756123535676251,0.05324813631522897,0.002129925452609159,JMS,939,-0.7723669309173273,0.10543130990415335
JNU,4580,-1.8959613696224757,0.4264005197805371,0.06800462027144094,0.1265521224371932,0.002382327461738377,0.3766604100490904,0.08799126637554586,0.0058951965065502186,0.004148471615720524,JNU,4580,-4.204941539819105,0.0965065502183406
KOA,12396,1.786291626252829,0.3287807027205639,0.01331172407282111,0.10934180919862162,0.007363932465815933,0.5412018315421774,0.0941432720232333,0.002258793159083575,0.001936108422071636,KOA,12228,-1.0251928442474971,0.0979718678442918
KTN,2475,-2.2759885854056257,0.26467182643671155,0.044122128100432687,0.0801998903041014,0.0031080504601133526,0.607898104698641,0.10626262626262627,0.010505050505050505,0.0036363636363636364,KTN,2476,-1.2451060358890702,0.11591276252019386
LAN,2434,7.404023470243085,0.3390948886313892,0.0032509334363332045,0.26284279644650443,0.0,0.39481138148577316,0.12736236647493837,0.020542317173377157,0.002054231717337716,LAN,2433,3.4675105485232067,0.1611179613645705
LAR,626,6.5664451827242525,0.29035892483502335,0.17109286978915178,0.2694350555287301,0.006277160791887977,0.26283598905520683,0.08945686900958466,0.038338658146964855,0.001597444089456869,LAR,626,-7.903010033444816,0.09584664536741214
LAS,150686,10.132813597885368,0.2873637731989599,0.020356227958877475,0.2462285860393761,0.000914812116767897,0.4451366006860186,0.19559215852833042,0.008620575235921054,0.0020174402399692074,LAS,150690,3.232998257606219,0.17494856991173932
LAW,1140,8.776491540516474,0.4902140113407719,0.0,0.09438448875068593,0.0,0.41540149990854214,0.13508771929824562,0.014912280701754385,0.0,LAW,1141,5.5846702317290555,0.17002629272567923
LAX,212983,12.103027260499744,0.32351056604739625,0.012812452470480875,0.23109699259555974,0.004118597538479146,0.428461391348084,0.22768953390646202,0.00891620457970824,0.0023053483141847,LAX,212972,6.751957704099551,0.2303823976860808
LBB,4576,4.523472099202834,0.23731339239751822,0.06987455634127178,0.1942615622205966,0.0004064049418840933,0.4981440840987293,0.11494755244755245,0.01333041958041958,0.0026223776223776225,LBB,4576,4.064594894561599,0.163243006993007
LBE,1046,5.194906953966699,0.07679726414392982,0.08021708423165563,0.5427105791390975,0.0,0.3002750724853171,0.16443594646271512,0.02390057361376673,0.0028680688336520078,LBE,1046,8.529411764705882,0.2045889101338432
LCH,1264,3.824051654560129,0.36161355153603214,0.07048521389606661,0.18382141831754234,0.0,0.38407981625035886,0.09731012658227849,0.020569620253164556,0.003955696202531646,LCH,1264,1.4074373484236056,0.12420886075949367
LEX,5170,9.93183609141056,0.3699628230586619,0.005225674485271063,0.24663690520626483,0.0,0.3781745972498022,0.1471953578336557,0.0183752417794971,0.0023210831721470018,LEX,5170,6.319161558236108,0.16286266924564796
LFT,3095,8.432840722495895,0.3639702946578296,0.03862226835955176,0.16154276131917272,0.0,0.43586467566344594,0.1308562197092084,0.01680129240710824,0.002584814216478191,LFT,3095,1.8098684210526317,0.13957996768982228
LGA,96569,13.488470848019023,0.2933811463370311,0.031236720824070644,0.2387156893420907,0.0004003394003653609,0.4362661040964422,0.2034503826279655,0.025463658109745362,0.0023299402499767008,LGA,96586,10.509189685352004,0.25099910960180566
LGB,11163,8.52469525959368,0.28597985934768333,0.010086147566271922,0.24547705500312472,0.0002847853430476778,0.45817215273987233,0.17970079727671773,0.007972767177282092,0.0009853981904505958,LGB,11166,4.245207956600361,0.17660755866021852
LIH,11827,-0.2055701791627749,0.34703313134492797,0.029865428503974188,0.08751082080742897,0.0005508774691115134,0.5350397418745574,0.07102392829965333,0.0047349285533102225,0.0010146275471379048,LIH,11830,-0.8815041167982345,0.0893491124260355
LIT,8393,5.274214895921069,0.25478430100551414,0.06389879987025625,0.2517618612331554,0.0,0.42955503789107424,0.12033837721911117,0.009770046467294173,0.0038127010604074823,LIT,8392,1.9127395444136435,0.14895138226882745
LNK,3054,5.217,0.30046744884376064,0.12676841160263752,0.2331052843389159,6.191375414048231e-05,0.3395969414605455,0.10412573673870335,0.018009168303863784,0.0026195153896529143,LNK,3056,2.1476892163429335,0.1482329842931937
LRD,2123,6.396741734547197,0.3773814967230605,0.012650510592897424,0.20804755372656608,0.0,0.401920438957476,0.11304757418747056,0.018370230805463968,0.0023551577955723034,LRD,2126,4.031685069611138,0.14016933207902163
LSE,756,1.4840425531914894,0.12391618497109827,0.17973265895953758,0.16799132947976878,0.0,0.5283598265895953,0.08994708994708994,0.005291005291005291,0.0013227513227513227,LSE,755,3.052,0.15496688741721854
LWS,715,-1.1991584852734922,0.49493873201917954,0.06632924880127863,0.07725093233883858,0.009323388385721897,0.35215769845498135,0.043356643356643354,0.002797202797202797,0.0,LWS,715,-7.204225352112676,0.04895104895104895
MAF,5853,4.150789519347562,0.27576400679117147,0.05545415959252971,0.17529711375212223,0.002058573853989813,0.49142614601018675,0.10627028874081668,0.016060140099094483,0.0030753459764223477,MAF,5861,1.8449921888561014,0.15031564579423307
MBS,1995,6.826913199794555,0.23423536289985802,0.016328405579219912,0.2066315877390796,0.0,0.5428046437818425,0.13634085213032582,0.02406015037593985,0.0010025062656641604,MBS,1995,3.50591868244982,0.15388471177944862
MCI,43591,6.64107022791032,0.2600630622902581,0.053532761977546084,0.22888544030527763,0.001369902183265358,0.45614883324365285,0.14035007226262303,0.010827923195154963,0.0021793489481773762,MCI,43597,2.822879171408003,0.1656536000183499
MCO,125715,10.411212470108936,0.2920505602532764,0.05582440080017757,0.2450635465081155,0.0013128125481528647,0.40574867989027763,0.18414668098476714,0.012273793898898301,0.00252953108220976,MCO,125729,4.788689419134029,0.18671905447430584
MDT,2549,9.205648369132856,0.39305619652809826,0.05427952713976357,0.19972309986154993,0.0,0.35294117647058826,0.14280109846998823,0.014123185562965868,0.003138485680659082,MDT,2550,5.33068678046844,0.16666666666666666
MDW,87809,9.12987780843516,0.3461005050247137,0.06079379456594483,0.18283829802102344,0.000917860243347193,0.4093495421449708,0.19082326413010056,0.01778860936806022,0.002471272876356638,MDW,87802,0.7690991819207987,0.14402860982665544
MEI,992,13.973630831643002,0.42125729099157483,0.0,0.06045736505879085,0.0,0.5182853439496343,0.1774193548387097,0.007056451612903226,0.0030241935483870967,MEI,992,12.332313965341488,0.18850806451612903
MEM,14128,6.81960868630402,0.3119758572056839,0.046822159202923826,0.25194492045919836,4.549521541984501e-05,0.3892115679167741,0.1392978482446206,0.013023782559456399,0.002335787089467724,MEM,14125,2.4453775480907263,0.16035398230088496
MFE,2223,6.2830446672743845,0.28405469726917026,0.0346093340325118,0.2076560041950708,0.0,0.4736799645032471,0.11470985155195682,0.01349527665317139,0.002249212775528565,MFE,2219,2.7021470991320236,0.15502478593961244
MFR,2966,10.147260273972602,0.25692243433822265,0.02434829611066067,0.3706051448367362,0.0,0.3481241247143805,0.1695886716115981,0.015509103169251517,0.0013486176668914363,MFR,2965,3.7220886293369975,0.18111298482293423
MGM,2449,10.407635467980295,0.42277862595419846,0.0,0.10174045801526718,0.0,0.47548091603053433,0.17068191098407512,0.006533278889342589,0.0004083299305839118,MGM,2449,7.372121710526316,0.17558187015108206
MHT,6712,5.788619119878604,0.2767659543591046,0.055745020498494356,0.3381163153502884,0.0008525922432246128,0.328520117548888,0.11308104886769964,0.0183253873659118,0.0016388557806912992,MHT,6715,3.1424237827999395,0.1599404318689501
MIA,69658,13.077506672855982,0.37774764828930557,0.06348179101913483,0.249279869434545,0.001225027258076639,0.308265663998938,0.2171753423870912,0.010896092336845731,0.0028424588704814954,MIA,69668,5.8218362355133655,0.2030343916862835
MKE,32575,6.679920538845951,0.28855794843443733,0.0463417851937478,0.25130672965773737,0.00016962356134090566,0.4136239131527366,0.13688411358403685,0.011204911742133538,0.0024865694551036072,MKE,32577,2.3239856987408674,0.1600208736224944
MKG,683,8.56793893129771,0.1514476614699332,0.009212391172302086,0.3175744077748532,0.0,0.5217655395829115,0.18448023426061494,0.0424597364568082,0.0,MKG,683,3.5251141552511416,0.16251830161054173
MLB,1518,6.658034528552457,0.34924466593988474,0.005061516897679489,0.16212427970721072,0.0,0.483569537455225,0.1225296442687747,0.007905138339920948,0.0013175230566534915,MLB,1517,1.3765801729873586,0.12590639419907712
MLI,2527,8.790967226219024,0.5123176859909303,0.018905503125383014,0.11686481186419904,0.0,0.35191199901948766,0.11634349030470914,0.009893153937475268,0.002374356944994064,MLI,2529,5.011995201919232,0.17754052985369712
MLU,3073,7.859504132231405,0.38460371634433066,0.014511439767412464,0.15237011755783086,0.0,0.448514726330426,0.13276928083306216,0.015619915392124959,0.0016270745200130166,MLU,3073,4.875830013280212,0.1656361861373251
MMH,117,22.560439560439562,0.4397928355632283,0.0,0.27967198964177814,0.0,0.2805351747949935,0.18803418803418803,0.2222222222222222,0.0,MMH,117,5.88421052631579,0.1794871794871795
MOB,4907,7.070218917802561,0.28092852430957943,0.011089518443901656,0.22448251885396422,0.0,0.4834994383925547,0.1373547992663542,0.014061544732015489,0.0028530670470756064,MOB,4907,5.305284974093264,0.16792337477073568
MOT,1647,6.429274292742927,0.43912872455502017,0.01593076998721605,0.15183400531025668,0.0014259022519421771,0.391680597895565,0.1050394656952034,0.012750455373406194,0.0012143290831815423,MOT,1645,2.3008684863523574,0.12826747720364742
MQT,697,15.874269005847953,0.5835979566477979,0.11908049150904322,0.09022504487090985,0.0,0.20709650697224907,0.12482065997130559,0.018651362984218076,0.0028694404591104736,MQT,697,3.7585185185185184,0.13773314203730272
MRY,2544,5.911156186612576,0.1675198233463816,0.015256448860784904,0.27796179196359866,0.0003680283716417411,0.5388939074575931,0.13168238993710693,0.031053459119496855,0.0007861635220125787,MRY,2547,4.554197229013855,0.16215155084413035
MSN,7532,5.35275866720626,0.28793353590101556,0.025676822424789903,0.2812542771892365,0.0,0.40513536448495796,0.11404673393520977,0.016064790228359,0.0015932023366967605,MSN,7536,2.0526600785163125,0.15100849256900212
MSO,2682,3.774436090225564,0.4240363832853026,0.012698126801152738,0.19898234870317003,0.0,0.36428314121037464,0.10104399701715137,0.008575689783743476,0.004847129008202834,MSO,2680,-0.9770071617037316,0.13134328358208955
MSP,129234,7.6959010138449795,0.35931581484393177,0.0659931359474719,0.2897697638029953,0.00025926472220659367,0.2846620206833944,0.14066731665041707,0.0068248293792655184,0.0025225559837194545,MSP,129148,2.273015649782403,0.15026945829590857
MSY,43509,7.708170214737427,0.24895847005692562,0.03675373225023942,0.24783065233560356,0.0005347411609716733,0.46592240419625974,0.15819715461168954,0.008090280171918453,0.0023903100507940886,MSY,43504,2.5356761772210623,0.1677087164398676
MTJ,1100,7.094357076780758,0.3400350262697023,0.013169877408056042,0.20308231173380034,0.00028021015761821365,0.4434325744308231,0.15272727272727274,0.02,0.0009090909090909091,MTJ,1099,2.120259019426457,0.16014558689717925
MVY,248,20.822580645161292,0.16127232142857142,0.10342261904761904,0.41108630952380953,0.0026041666666666665,0.3216145833333333,0.36693548387096775,0.0,0.004032258064516129,MVY,248,3.7903225806451615,0.21370967741935484
MYR,5754,8.96683900873596,0.12927121987557075,0.00542136265191541,0.4944889710446814,0.0008276889544909024,0.36999075747334154,0.18022245394508168,0.026416405978449773,0.0015641293013555788,MYR,5753,4.146371902299875,0.16895532765513646
OAJ,1269,10.753007217321572,0.5169164396003633,0.0,0.09003178928247048,0.0,0.3930517711171662,0.13081166272655634,0.017336485421591805,0.0015760441292356187,OAJ,1271,7.826226870474658,0.17073170731707318
OAK,48819,8.411062771908018,0.2954656596074247,0.016725045217053557,0.21005982923981534,0.0018788767920109128,0.47587058914369545,0.1961941047542965,0.011511911345992339,0.0017616092095290767,OAK,48808,4.7810612820885305,0.188165874446812
OGG,23321,2.905804896940488,0.43516762487866795,0.028029567684611362,0.0834017770477115,0.004577017845142985,0.4488240125438662,0.09639380815573946,0.0039449423266583765,0.0014579134685476609,OGG,23322,0.10655984838695784,0.11748563588028471
OKC,15695,5.57673490408137,0.27016773162939295,0.053783177684934874,0.1919236913246498,0.004784652248709756,0.4793407471123126,0.1299139853456515,0.010512902198152279,0.0031857279388340237,OKC,15698,3.722995617427172,0.17384380175818576
OMA,17967,6.194931005350606,0.36523854771256864,0.04554285264693244,0.21738919923258024,0.0,0.37182940040791873,0.12968219513552623,0.012133355596371125,0.002560249346023265,OMA,17972,2.674138904573687,0.16542399287780993
OME,724,-2.0977337110481584,0.22276029055690072,0.08635996771589992,0.13101963949421577,0.025558245897228948,0.5343018563357547,0.10911602209944751,0.024861878453038673,0.0013812154696132596,OME,724,-2.507122507122507,0.10220994475138122
ONT,19642,8.030994182155176,0.2063465807222744,0.02867540339793392,0.25771578587893795,0.0015367540339793393,0.5057254759668744,0.16439262804195093,0.01130231137358721,0.0014764280623154465,ONT,19642,5.09476989601565,0.18241523266469808
ORD,244082,13.06971431900074,0.3120073556531971,0.0657095861392933,0.22583912840419618,0.0005023985952713157,0.3959415312080421,0.21580042772510877,0.016224055850083168,0.002638457567538778,ORD,243889,5.016866532214197,0.1838746314921952
ORF,11086,9.865253456221199,0.3753411524574574,0.035162864057027544,0.2575826690685861,6.185200361834222e-05,0.33185146241331054,0.14919718563954537,0.021919538156233088,0.0035179505682843225,ORF,11084,3.942121296039878,0.16158426560808373
ORH,721,12.544285714285714,0.29211798033661057,0.004749208465255791,0.19938343609398435,0.0,0.5037493751041493,0.22052704576976423,0.02912621359223301,0.006934812760055479,ORH,731,5.3590844062947065,0.19151846785225718
OTH,300,20.192439862542955,0.029549931807849674,0.0,0.1691165328080012,0.0,0.8013335353841491,0.30666666666666664,0.03,0.0033333333333333335,OTH,300,17.345070422535212,0.32
OTZ,725,-3.956090651558074,0.34712411705348134,0.12209889001009082,0.06323578876555667,0.01917255297679112,0.44836865119408004,0.08,0.02620689655172414,0.008275862068965517,OTZ,725,-3.6133144475920678,0.06758620689655172
PAH,684,10.139605462822459,0.3623451193714113,0.05812430744434371,0.3227561196736174,0.0,0.25677445351062755,0.12573099415204678,0.03654970760233918,0.0043859649122807015,PAH,684,0.8122137404580153,0.1608187134502924
PBG,371,5.547683923705722,0.08805555555555555,0.008888888888888889,0.7177777777777777,0.0,0.1852777777777778,0.21024258760107817,0.01078167115902965,0.0026954177897574125,PBG,371,3.7166212534059944,0.20485175202156333
PBI,24285,12.005719295316023,0.2599068060816803,0.02927776237074601,0.2876303206321827,0.0019016679212392536,0.42128344299415177,0.21478278772905085,0.013918056413423923,0.002800082355363393,PBI,24280,3.9735337090377794,0.20337726523887972
PDX,58669,5.451374007851474,0.2862894280800631,0.02909128447520377,0.30102286230125347,0.00022842533676264192,0.38336799980671704,0.1328299442635804,0.005846358383473384,0.0026760299306277592,PDX,58674,1.2656282201002953,0.153867130245083
PGD,83,8.538461538461538,0.05783385909568875,0.01892744479495268,0.14090431125131442,0.0,0.7823343848580442,0.18072289156626506,0.060240963855421686,0.0,PGD,83,-5.922077922077922,0.10843373493975904
PHF,1127,8.392825112107623,0.38896862825507483,0.002255484929259791,0.14158294033217142,0.0,0.46719294648349396,0.12422360248447205,0.01064773735581189,0.0044365572315882874,PHF,1127,2.1123090745732256,0.14108251996450755
PHL,73164,8.374739169488013,0.3382275117924386,0.029550712006528784,0.30858277369728665,0.0020866558898303554,0.32155234661391563,0.1659832704608824,0.011426384560712918,0.0027199168990213766,PHL,73166,3.0396222228385987,0.17743214061175955
PHX,159126,7.210790789398833,0.3328326593491238,0.021078232093059746,0.2355692492029869,0.0035796050238569013,0.4069402543309726,0.16316629589130627,0.006158641579628722,0.0020675439588753565,PHX,159164,2.452338169465697,0.16466035033047674
PIA,2952,9.431028551771586,0.3935574935726168,0.05144427080707768,0.1801431668094974,0.0,0.3748550688108081,0.13414634146341464,0.01592140921409214,0.0033875338753387536,PIA,2950,3.593987560469938,0.14983050847457627
PIB,627,10.966237942122186,0.6242520568436799,0.0,0.12369109947643979,0.0,0.25205684367988035,0.13078149920255183,0.007974481658692184,0.004784688995215311,PIB,627,11.103559870550162,0.18819776714513556
PIH,926,-1.0184782608695653,0.18749037128331536,0.02942535818826067,0.20212602064396856,0.0,0.5809582498844554,0.06371490280777538,0.0064794816414686825,0.0010799136069114472,PIH,925,-0.06209150326797386,0.08648648648648649
PIT,25299,5.2832561481954645,0.3387231085975856,0.03139863390909416,0.23619987636724038,0.0005824022560424234,0.39309597887003744,0.12174394244831811,0.010435195066998696,0.002173998972291395,PIT,25301,3.431732843333067,0.1648156199359709
PLN,1101,11.45648148148148,0.38653789874158617,0.020251682762657302,0.03833772314896108,0.0,0.5548726953467954,0.14532243415077203,0.01907356948228883,0.0027247956403269754,PLN,1101,3.2453358208955225,0.13533151680290645
PNS,5976,5.082404593042891,0.25994853689186764,0.03337123252149283,0.1990904194841721,0.0006383021163704546,0.506951508986097,0.12198795180722892,0.009370816599732263,0.0033467202141900937,PNS,5971,2.733276883996613,0.14721152235806398
PPG,121,52.553719008264466,0.3066872717055353,0.016718179263838156,0.31806687271705536,0.0008429334082607474,0.3576847429053105,0.14049586776859505,0.0,0.0,PPG,121,9.975,0.11570247933884298
PSC,3808,5.82851075126095,0.3848681734942177,0.03908386222813135,0.18623786468655143,0.0,0.3898100995910995,0.11292016806722689,0.010766806722689076,0.0026260504201680674,PSC,3808,4.20510095642933,0.16491596638655462
PSE,863,2.9091981132075473,0.09027959237000262,0.0,0.07303370786516854,0.0,0.8366866997648289,0.14484356894553882,0.01738122827346466,0.0011587485515643105,PSE,866,10.20754716981132,0.25635103926096997
PSG,728,-5.920723226703755,0.10106382978723404,0.019888991674375578,0.08533765032377429,0.0043940795559666975,0.7893154486586494,0.1043956043956044,0.012362637362637362,0.0013736263736263737,PSG,728,-0.11748251748251748,0.1401098901098901
PSP,10061,9.715351275073077,0.3685675230451088,0.01171357470821212,0.30461603168483403,0.0002032876520276191,0.3148995829098174,0.16042142928138356,0.014412086273730246,0.0017890865719113408,PSP,10064,3.111649994947964,0.16176470588235295
PVD,12687,5.875190380761523,0.27226304151669295,0.05337577217875876,0.30398310378677457,0.00033713101506182387,0.37004095150271193,0.12761094033262393,0.017104122329944037,0.0028375502482856467,PVD,12688,3.544369694057344,0.16566834804539723
PWM,6369,10.001294707881534,0.3210930325649297,0.025995431962137088,0.32011584920765734,0.0005415714992111893,0.33225411476606465,0.15716753022452504,0.030617051342439944,0.001413094677343382,PWM,6371,5.987753786658073,0.18411552346570398
RAP,3004,6.055367994598244,0.4181259103414792,0.0302637967308626,0.15772778766790743,0.0,0.39388250525975077,0.11784287616511319,0.013981358189081226,0.0016644474034620505,RAP,3005,2.449609772650153,0.1394342762063228
RDD,991,8.998958333333333,0.14704595185995623,0.002698760029175784,0.4298322392414296,0.0,0.4204230488694384,0.1917255297679112,0.03128153380423814,0.0020181634712411706,RDD,991,3.5658995815899583,0.18768920282542886
RDM,2787,9.112084702446149,0.3231544762735689,0.06635645388008336,0.2770103242693035,0.0,0.33347874557704427,0.15931108719052745,0.017222820236813777,0.002152852529601722,RDM,2788,4.7198529411764705,0.17826398852223815
RDU,34965,9.1335170413343,0.2982955692335848,0.03549349904860844,0.2587811960889329,0.0004682945734347792,0.4069614410554391,0.16027456027456027,0.014357214357214357,0.0023166023166023165,RDU,34965,5.315508486870739,0.18312598312598313
RHI,1042,3.5731108930323847,0.3067874069058903,0.06922816519972919,0.10917400135409613,0.0024542992552471225,0.5123561272850372,0.10556621880998081,0.023032629558541268,0.0028790786948176585,RHI,1043,-2.183874139626352,0.10642377756471716
RIC,15928,10.613508322663252,0.39462166189432973,0.018362208696708255,0.26156921912733966,0.00015414726201764753,0.32529276301960475,0.1712707182320442,0.020278754394776496,0.0027624309392265192,RIC,15927,7.231672871998973,0.19865636968669556
RKS,660,0.25588697017268447,0.15578337419211055,0.1856474258970359,0.31557833741921104,0.0,0.3429908624916425,0.05,0.03484848484848485,0.0030303030303030303,RKS,660,-6.034375,0.11060606060606061
RNO,14182,8.426520994001713,0.26429494675940174,0.03606135833623985,0.2456248333025584,0.0003898155556923329,0.45362904604610765,0.16633761105626851,0.012833168805528134,0.003173036243125088,RNO,14187,4.524928571428571,0.18058786212729963
ROA,2214,8.370096908167975,0.26390447187049204,0.001923385157877865,0.22896297483571085,0.0,0.5052091681359192,0.15447154471544716,0.02122854561878952,0.0031616982836495033,ROA,2216,4.910185185185185,0.15297833935018051
ROC,7384,7.0662040249826505,0.3037725705144176,0.04881918674027354,0.2895582276655171,0.00013112862406734765,0.3577188864557244,0.13854279523293608,0.025325027085590465,0.0020314192849404116,ROC,7381,4.207963374028857,0.17396016799891614
ROW,440,3.4324942791762014,0.09346285114203202,0.030716723549488054,0.13231819375164086,0.0,0.743502231556839,0.1340909090909091,0.006818181818181818,0.0,ROW,440,1.7379310344827585,0.11818181818181818
RST,1211,8.393333333333333,0.33104825291181367,0.07507487520798668,0.1275207986688852,0.0,0.4663560732113145,0.13047068538398018,0.009083402146985962,0.00495458298926507,RST,1211,4.1575,0.15772089182493806
RSW,29250,8.469903650240012,0.24616665638685006,0.024128785542465923,0.26437118361808426,0.0006229568864491458,0.4647104175661506,0.16902564102564102,0.010256410256410256,0.0024957264957264956,RSW,29249,2.2034044908832993,0.1762111525180348
SAF,1212,16.741989881956155,0.4717047178250554,0.0,0.1008128816459881,0.0,0.4274824005289565,0.21699669966996699,0.022277227722772276,0.009075907590759076,SAF,1214,12.730185497470488,0.22405271828665568
SAN,78183,7.184277501453394,0.23786192562568728,0.01870872651693544,0.302854527344852,0.0021892578113755046,0.43838556270114976,0.1584871391478966,0.010373099011294015,0.0024046148139621145,SAN,78189,2.4175677773178808,0.16724858995510877
SAT,30852,6.832004704652379,0.3010286911586057,0.032989445606422536,0.1951615479777247,0.000312062323303997,0.4705082529339431,0.14718656813172565,0.008070789576040452,0.0019447685725398677,SAT,30846,3.798874087650967,0.18025027556247164
SAV,7326,10.708414872798434,0.3458875227484575,0.04569665764126237,0.2910803852811931,0.00032180744817790404,0.31701362688090906,0.1775866775866776,0.023614523614523614,0.002184002184002184,SAV,7326,3.2366615319983194,0.1627081627081627
SBA,5983,10.177001703577513,0.22913211123796395,0.013603170842039507,0.3598862632746699,0.001055511276737824,0.39632294336858886,0.17683436403142236,0.019053986294501085,0.002674243690456293,SBA,5984,4.093371954336344,0.17613636363636365
SBN,5314,9.258863896301945,0.44493392070484583,0.0362832659465331,0.21311327017078027,0.001025888600567256,0.30464365457727355,0.15223936770794128,0.01279638690252164,0.001881821603312006,SBN,5309,7.7903318626510645,0.1793181390092296
SBP,3193,7.533333333333333,0.2261651636239216,0.014834909695236698,0.30935796857052084,0.00029327663318425105,0.44934868147713664,0.1506420294393987,0.018477920450986535,0.00031318509238960227,SBP,3194,3.1630434782608696,0.16656230432060112
SCC,834,-7.833128834355828,0.030850263355906696,0.24266365688487584,0.14070729872084273,0.0,0.5857787810383747,0.0539568345323741,0.022781774580335732,0.017985611510791366,SCC,834,-4.1330049261083746,0.05635491606714628
SCE,746,7.188705234159779,0.13049853372434017,0.17542940930037704,0.3911813992459154,0.0,0.3028906577293674,0.14611260053619302,0.02680965147453083,0.005361930294906166,SCE,750,6.5850622406639,0.212
SDF,9944,8.668331973898859,0.3723503297694064,0.03667153399123881,0.23702237335972795,0.0017149969130055567,0.35224076596662124,0.1509452936444087,0.01407884151246983,0.0028157683024939663,SDF,9940,3.370646512102952,0.1630784708249497
SEA,132625,5.695079684591286,0.3599497890442484,0.02773903475636451,0.28623537935229415,0.0011090189879547946,0.32496677785913813,0.14074269557021676,0.0037851083883129123,0.0025636192271442037,SEA,132627,0.9078820611237114,0.15951503087606597
SFO,172358,12.057771057400391,0.28619046308487095,0.012178383690776035,0.16671756714646288,0.000651200615067193,0.534262385462823,0.21155385882871697,0.014255212986922568,0.002343958504972209,SFO,172398,9.714826900495076,0.24751447232566504
SGF,2800,7.747276688453159,0.24612998093268268,0.02346249555634554,0.23052063471544454,0.0,0.4998868887955273,0.125,0.017142857142857144,0.0064285714285714285,SGF,2798,2.2797228300510577,0.14832022873481057
SGU,2079,1.539391010149831,0.3512492487335795,0.04499012621275865,0.19721816776852408,0.0016313213703099511,0.40491113591482786,0.07311207311207311,0.00481000481000481,0.000481000481000481,SGU,2079,2.7044025157232703,0.11976911976911978
SHV,5945,8.131525076765609,0.47290140696632765,0.021381145597301997,0.16824313642830796,0.0,0.3374743110080624,0.14179983179142136,0.014129520605550883,0.002018502943650126,SHV,5945,4.980864513924483,0.16787216148023548
SIT,1370,-1.0815576781778105,0.4647425385372253,0.07794905433475456,0.06854706461134798,0.0045916693998032145,0.3841696731168689,0.08467153284671533,0.006569343065693431,0.004379562043795621,SIT,1370,-4.157468727005151,0.10583941605839416
SJC,42074,7.490743405275779,0.3134659698398405,0.019076586564228407,0.18551245881748016,0.0032374697677455514,0.4787075150107054,0.17134097067072301,0.009174311926605505,0.0019251794457384609,SJC,42075,3.501055966209081,0.16827094474153298
SJT,1010,11.694416243654823,0.5010563380281691,0.0,0.10129107981220657,0.0,0.3976525821596244,0.16435643564356436,0.024752475247524754,0.0019801980198019802,SJT,1011,7.274111675126903,0.19188921859545005
SJU,26872,8.366196654916372,0.32103996878793134,0.00950812091786602,0.1360109242240333,0.0015244783538523785,0.5319165077163169,0.1740845489729086,0.00800089312295326,0.0033119976183387913,SJU,26868,4.57527769438607,0.1994938216465684
SLC,108819,4.872908157149838,0.36469566493491806,0.05616374586960523,0.25818651160720624,0.00103688395921269,0.3199171936290578,0.12141262095773717,0.0036390703829294515,0.0033266249460112665,SLC,108854,-0.00993218397176488,0.12318334650081761
SMF,41261,8.300754818379461,0.2783323240127801,0.014158331071063127,0.19734479086182052,0.00039415707812141083,0.5097703969762148,0.1761954387920797,0.007973631274084486,0.002108528634788299,SMF,41263,5.021850711247984,0.18411167389671135
SMX,557,13.398148148148149,0.28731077923397336,0.0,0.18673168749365032,0.0,0.5259575332723763,0.19748653500897667,0.03052064631956912,0.0,SMX,557,8.834264432029794,0.26750448833034113
SNA,42582,6.503353001113718,0.22496044408694346,0.031297050911480204,0.2971893940063584,0.00028875079922096214,0.44626436019599697,0.15245878540228266,0.009182283594006857,0.002794608050349913,SNA,42574,0.7605797513995636,0.1409310846995819
SPI,1738,8.809580130100532,0.3772819472616633,0.0077683311035345905,0.18044106857710068,0.0,0.4345086530577014,0.1386651323360184,0.02704257767548907,0.0023014959723820483,SPI,1739,4.89673590504451,0.18286371477860838
SPS,847,8.592411260709914,0.501029689377038,0.0,0.09464561523940278,0.0,0.4043246953835593,0.1180637544273908,0.03541912632821724,0.0,SPS,848,7.2625152625152625,0.17688679245283018
SRQ,3281,12.078599938593799,0.2909773892942281,0.01748175973416167,0.25579715379614243,0.00038527294179970624,0.43535842423366805,0.1862237122828406,0.007619628162145687,0.003047851264858275,SRQ,3283,2.309911015648972,0.16204690831556504
STL,55570,8.863399298551673,0.29075749512151855,0.04344637510996015,0.21841331848299803,0.0008632214620264855,0.4465195898234968,0.18225661328054707,0.00993341731149901,0.0024113730430088175,STL,55559,3.442655752614825,0.16875753703270396
STT,5006,6.431991951710262,0.3115347693551375,0.0314768344645233,0.17976657628374623,0.006079795206898294,0.4711420246896947,0.14942069516580103,0.007790651218537755,0.010387534958050339,STT,5005,3.595530501308637,0.17822177822177823
STX,1112,4.1410488245931285,0.44198704103671704,0.0021598272138228943,0.1381425485961123,0.029460043196544276,0.3882505399568035,0.1474820143884892,0.00539568345323741,0.0035971223021582736,STX,1112,5.30379746835443,0.20323741007194246
SUN,1254,7.408163265306122,0.16379310344827586,0.06762897620956963,0.29938519112536754,0.001537022186581128,0.4676557070302058,0.12440191387559808,0.10127591706539076,0.0007974481658692185,SUN,1274,2.170993733213966,0.12480376766091052
SWF,736,10.149791955617198,0.36754604280736686,0.012344449975111997,0.156794425087108,0.0,0.4633150821304131,0.20244565217391305,0.021739130434782608,0.005434782608695652,SWF,730,13.100558659217876,0.2726027397260274
SYR,5881,8.376106963014411,0.33808666395047776,0.028717126447356314,0.2872106930224611,0.00017085704522454558,0.34581465953448026,0.14385308620982826,0.021935045060363884,0.0020404693079408265,SYR,5882,6.118853171155517,0.19092145528731724
TLH,2568,7.361209265802906,0.41380028316815193,0.022653452152910803,0.14387440659615225,0.0,0.41967185808278507,0.11993769470404984,0.008177570093457943,0.0027258566978193145,TLH,2565,3.0149429807314196,0.15126705653021444
TPA,67966,8.516962867281338,0.26192364667047696,0.04212934342668517,0.2337475067943499,0.0002726488050109059,0.4619268543034771,0.16394962186975842,0.009195774357767118,0.002560103581202366,TPA,67949,3.644925273254517,0.18017925208612343
TRI,2161,8.863530507685143,0.47818222090962786,0.01764619019492026,0.08357944477259303,0.0,0.42059214412285884,0.14437760296159186,0.006478482184173994,0.0023137436372049976,TRI,2160,5.936567164179104,0.1597222222222222
TTN,2109,9.612205670350793,0.2458480624291336,0.03411592076302274,0.27105982791969585,0.0,0.4489761888881478,0.16690374585111428,0.013750592697961118,0.002844950213371266,TTN,2111,5.202317720907774,0.18474656560871625
TUL,13990,4.629768786127167,0.3109096253017092,0.04201216633860898,0.24952572655129723,0.0006590842291831809,0.39689339757920145,0.11736954967834168,0.011150822015725518,0.0035739814152966403,TUL,13990,4.057863179946543,0.17248034310221586
TUS,16083,7.077154685735792,0.31312831897476,0.04324600461660717,0.26110949936300915,0.00012613680798193722,0.3823900402376417,0.15102903687123048,0.009326618168252192,0.0024870981782005846,TUS,16088,4.395064054257724,0.18473396320238689
TVC,2225,9.205422794117647,0.2660251719596078,0.028355041709351676,0.2073759695594907,0.0,0.49824381677154983,0.16134831460674157,0.02292134831460674,0.002696629213483146,TVC,2223,6.196304849884527,0.18353576248313092
TWF,1096,2.455045871559633,0.26466722428008127,0.17313896522882063,0.1523479507707014,0.0019118174214362528,0.40793404229896046,0.10401459854014598,0.005474452554744526,0.004562043795620438,TWF,995,-0.11347517730496454,0.08944723618090453
TXK,855,10.852517985611511,0.4380037849582954,0.0,0.09231092731478237,0.0,0.46968528772692225,0.15906432748538013,0.02456140350877193,0.0011695906432748538,TXK,856,13.009661835748792,0.21728971962616822
TYR,414,-3.4635922330097086,0.10927318295739348,0.0,0.19197994987468672,0.0,0.6987468671679198,0.06763285024154589,0.004830917874396135,0.0,TYR,414,-2.0364077669902914,0.10144927536231885
TYS,7217,8.009701912260967,0.3850182916206957,0.008303815109459382,0.21690958713199002,0.0,0.38976830613785496,0.1463211860884024,0.01468754330054039,0.006235277816267147,TYS,7215,7.9025459688826025,0.18905058905058905
UST,195,13.00523560209424,0.0704398646570286,0.02922177791448785,0.30267609966164255,0.0,0.597662257766841,0.1794871794871795,0.020512820512820513,0.0,UST,195,2.905759162303665,0.14358974358974358
VLD,1028,8.602739726027398,0.4428233759882631,0.0,0.08704865922243052,0.0,0.4701279647893064,0.14105058365758755,0.005836575875486381,0.0,VLD,1029,6.276908023483366,0.17201166180758018
VPS,4210,7.06453934740883,0.35490625760896033,0.02247382517652788,0.19654248843438032,0.0012904796688580473,0.42478694911127346,0.12945368171021376,0.010213776722090262,0.005225653206650831,VPS,4208,2.731730769230769,0.1449619771863118
WRG,728,-1.39221140472879,0.337024468655117,0.03589926772637971,0.07590641185926059,0.0,0.5511698517592427,0.11813186813186813,0.012362637362637362,0.008241758241758242,WRG,728,-3.2701949860724233,0.13324175824175824
WYS,224,5.352678571428571,0.46914556962025317,0.010284810126582278,0.08623417721518987,0.0,0.43433544303797467,0.13839285714285715,0.0,0.0,WYS,224,3.84375,0.10267857142857142
XNA,5779,9.725438596491228,0.3632278359119214,0.029556397252359246,0.2172690505232073,0.0,0.38994671631251204,0.1318567226163696,0.013843225471534867,0.003287766049489531,XNA,5777,5.00807584269663,0.16531071490392937
YAK,725,-13.168555240793202,0.06687647521636507,0.026357199055861525,0.1093627065302911,0.007081038552321007,0.7903225806451613,0.060689655172413794,0.02620689655172414,0.005517241379310344,YAK,724,-5.953257790368272,0.09530386740331492
YUM,1960,0.5627551020408164,0.32317812013155617,0.024493681841786394,0.2158559806127748,8.655011251514626e-05,0.4363856673013675,0.08112244897959184,0.0,0.0005102040816326531,YUM,1960,-2.49438202247191,0.09030612244897959
